rank,metro,anchor_city,seed_zip,zips,requesters_added,requests_submitted,delivered,expired,cancelled,expiry_pct,gopher_signups,gophers_stripe_verified,working_gophers
1,Raleigh-Durham,"Holly Springs, NC",27540,48,373,883,534,92,252,10.4,160,66,71
2,Minneapolis-St. Paul,"Minneapolis, MN",55425,99,349,125,0,64,61,51.2,26,7,0
3,New York,"Long Island City, NY",11101,157,288,181,17,76,88,42.0,37,9,4
4,Philadelphia,"Philadelphia, PA",19144,134,286,211,21,101,89,47.9,31,9,5
5,New York,"Plainfield, NJ",07060,152,274,132,23,56,53,42.4,32,11,7
6,Denver,"Englewood, CO",80112,76,268,146,13,58,75,39.7,28,8,8
7,"Washington, Dc","Oxon Hill, MD",20745,115,249,194,36,74,84,38.1,18,6,5
8,Tampa-St. Pete,"Lutz, FL",33558,84,241,145,19,45,81,31.0,28,4,5
9,Orlando-Daytona Bch-Melbrn,"Orlando, FL",32830,54,223,152,23,41,88,27.0,20,4,4
10,Atlanta,"Atlanta, GA",30349,61,215,119,14,51,54,42.9,36,9,6
11,Baltimore,"Essex, MD",21221,66,204,95,0,43,52,45.3,14,2,0
12,Cincinnati,"Cincinnati, OH",45239,73,190,93,7,33,53,35.5,14,3,3
13,"Columbus, Oh","Columbus, OH",43201,52,188,138,26,53,59,38.4,23,6,3
14,"Portland, Or","Portland, OR",97220,66,184,116,19,62,35,53.4,32,7,6
15,Los Angeles,"Los Angeles, CA",90028,126,180,93,3,49,40,52.7,34,7,2
16,Norfolk-Portsmth-Newpt Nws,"Hampton, VA",23663,49,175,112,2,51,59,45.5,19,3,2
17,Nashville,"Antioch, TN",37013,42,167,81,22,22,37,27.2,29,8,5
18,Atlanta,"Canton, GA",30115,51,161,119,40,43,36,36.1,26,12,7
19,Charlotte,"Concord, NC",28025,43,158,319,163,90,66,28.2,23,5,10
20,Greensboro-H. Point-W. Salem,"Greensboro, NC",27407,37,154,229,77,74,78,32.3,32,15,13
21,Cleveland-Akron,"Strongsville, OH",44149,51,153,99,9,40,50,40.4,10,1,3
22,Memphis,"Southaven, MS",38671,43,147,79,2,36,41,45.6,12,5,2
23,Houston,"Katy, TX",77082,75,147,52,2,23,27,44.2,38,10,2
24,Phoenix,"Phoenix, AZ",85044,57,146,61,10,14,37,23.0,27,8,4
25,Boston,"Maynard, MA",01754,96,143,86,2,43,41,50.0,12,6,1
26,Buffalo,"Hamburg, NY",14075,39,138,69,1,31,37,44.9,7,1,1
27,Indianapolis,"Carmel, IN",46032,54,138,68,4,30,34,44.1,25,10,2
28,Richmond-Petersburg,"Richmond, VA",23227,40,128,68,1,33,34,48.5,9,3,1
29,Albany-Schenectady-Troy,"Schenectady, NY",12345,30,127,30,2,11,17,36.7,35,8,2
30,Jacksonville,"Jacksonville Beach, FL",32250,35,125,77,4,53,20,68.8,18,4,4
31,Oklahoma City,"Yukon, OK",73099,41,124,37,0,13,24,35.1,11,1,0
32,Hartford & New Haven,"Bristol, CT",06010,59,118,69,4,31,34,44.9,9,1,2
33,Seattle-Tacoma,"Puyallup, WA",98373,46,115,55,0,21,34,38.2,14,4,0
34,Chicago,"Merrillville, IN",46410,46,108,38,1,11,26,28.9,17,7,1
35,Ft. Myers-Naples,"Cape Coral, FL",33909,35,101,76,20,30,26,39.5,9,2,1
36,Albuquerque-Santa Fe,"Albuquerque, NM",87102,20,99,47,1,25,21,53.2,5,3,1
37,Charlotte,"Dallas, NC",28034,24,94,55,8,31,16,56.4,17,5,3
38,Pittsburgh,"Pittsburgh, PA",15224,60,94,33,0,15,18,45.5,10,1,0
39,Atlanta,"Loganville, GA",30052,26,93,49,5,18,26,36.7,13,1,3
40,Raleigh-Durham,"Fayetteville, NC",28306,20,92,159,33,79,47,49.7,21,12,11
41,Kansas City,"Overland Park, KS",66224,52,92,51,9,18,24,35.3,22,9,4
42,Milwaukee,"Waukesha, WI",53092,43,92,40,1,13,26,32.5,6,0,1
43,Charlotte,"Conover, NC",28613,23,91,161,87,42,32,26.1,21,9,12
44,New Orleans,"New Orleans, LA",70118,35,91,37,0,15,22,40.5,13,3,0
45,Seattle-Tacoma,"Seattle, WA",98118,57,90,54,0,30,24,55.6,9,2,0
46,Cleveland-Akron,"Massillon, OH",44646,34,89,36,0,12,24,33.3,4,1,0
47,Louisville,"Jeffersonville, IN",47130,43,89,32,2,14,16,43.8,11,3,2
48,Las Vegas,"Las Vegas, NV",89044,39,89,23,1,9,13,39.1,16,2,1
49,Los Angeles,"Placentia, CA",92870,62,88,32,1,15,16,46.9,20,4,1
50,New York,"Huntington, NY",11743,46,87,42,0,30,12,71.4,7,0,0
51,Dallas-Ft. Worth,"Burleson, TX",76028,46,87,22,2,6,14,27.3,14,8,2
52,Raleigh-Durham,"Wake Forest, NC",27587,22,85,190,117,29,43,15.3,49,27,24
53,Orlando-Daytona Bch-Melbrn,"Oxford, FL",34484,28,84,48,1,27,20,56.2,14,5,1
54,Little Rock-Pine Bluff,"Little Rock, AR",72204,24,84,41,0,19,22,46.3,8,0,0
55,Greenvll-Spart-Ashevll-And,"Greer, SC",29651,34,83,35,0,13,22,37.1,17,3,0
56,San Francisco-Oak-San Jose,"Redwood City, CA",94061,72,83,45,9,13,23,28.9,18,4,3
57,Phoenix,"Scottsdale, AZ",85262,33,82,76,5,40,31,52.6,10,3,3
58,Dayton,"Fairborn, OH",45324,35,82,49,1,22,26,44.9,17,3,1
59,Birmingham,"Birmingham, AL",35242,37,82,35,0,12,23,34.3,7,1,0
60,Sacramnto-Stktn-Modesto,"Sacramento, CA",95823,44,81,23,1,8,14,34.8,18,3,1
61,Philadelphia,"Coatesville, PA",19320,37,80,66,0,46,20,69.7,6,0,0
62,West Palm Beach-Ft. Pierce,"Boynton Beach, FL",33426,33,78,38,0,18,20,47.4,7,1,0
63,Tampa-St. Pete,"Lakeland, FL",33810,20,77,26,0,10,16,38.5,14,3,0
64,San Antonio,"Bulverde, TX",78163,40,77,49,4,30,15,61.2,7,1,1
65,Miami-Ft. Lauderdale,"Hollywood, FL",33027,54,77,38,0,18,20,47.4,18,8,0
66,Detroit,"Belleville, MI",48111,43,76,17,0,9,8,52.9,11,3,0
67,Dallas-Ft. Worth,"Dallas, TX",75227,39,74,23,0,11,12,47.8,13,1,0
68,Dallas-Ft. Worth,"Little Elm, TX",75068,39,73,16,0,8,8,50.0,6,1,0
69,Huntsville-Decatur,"Madison, AL",35758,27,72,29,1,13,15,44.8,11,3,1
70,Chicago,"Joliet, IL",60435,41,72,12,0,6,6,50.0,3,1,0
71,New York,"Shelton, CT",06484,32,71,32,0,13,19,40.6,3,0,0
72,Wilmington,"Wilmington, NC",28403,17,70,49,10,11,28,22.4,20,7,4
73,Cleveland-Akron,"Chardon, OH",44024,35,69,59,9,32,17,54.2,12,4,6
74,St. Louis,"Saint Louis, MO",63136,33,69,31,0,17,14,54.8,9,4,0
75,Greenvll-Spart-Ashevll-And,"Asheville, NC",28806,26,68,37,1,20,16,54.1,9,3,1
76,"Columbia, Sc","Lexington, SC",29072,25,68,21,0,5,16,23.8,14,3,0
77,St. Louis,"House Springs, MO",63051,38,66,19,0,6,13,31.6,15,2,0
78,Chicago,"Lake Villa, IL",60046,44,65,19,1,8,10,42.1,6,2,1
79,"Washington, Dc","Spotsylvania, VA",22551,19,64,28,2,17,9,60.7,16,9,1
80,Ft. Smith-Fay-Sprngdl-Rgrs,"Fayetteville, AR",72703,18,64,26,0,13,13,50.0,7,3,0
81,Detroit,"Utica, MI",48317,45,64,16,0,3,13,18.8,8,4,0
82,Mobile-Pensacola,"Mobile, AL",36607,29,63,63,6,24,33,38.1,9,1,2
83,Myrtle Beach-Florence,"North Myrtle Beach, SC",29582,16,62,79,34,24,21,30.4,35,16,5
84,Wichita-Hutchinson Plus,"Wichita, KS",67216,23,62,21,0,6,15,28.6,4,0,0
85,Palm Springs,"Murrieta, CA",92562,28,62,35,4,11,20,31.4,9,3,3
86,Philadelphia,"Browns Mills, NJ",08015,32,61,24,0,11,13,45.8,6,1,0
87,Augusta,"Augusta, GA",30906,21,60,31,11,5,15,16.1,7,2,2
88,Austin,"Kyle, TX",78610,36,60,24,0,10,14,41.7,12,1,0
89,Chicago,"Chicago, IL",60623,42,60,20,0,9,11,45.0,12,3,0
90,Mobile-Pensacola,"Navarre, FL",32563,17,58,37,0,18,19,48.6,3,0,0
91,Tucson,"Tucson, AZ",85741,22,58,22,0,14,8,63.6,10,2,0
92,"Rochester, Ny","Pittsford, NY",14534,35,57,68,11,27,30,39.7,4,0,1
93,Flint-Saginaw-Bay City,"Holly, MI",48423,30,57,29,0,17,12,58.6,3,1,0
94,Knoxville,"Knoxville, TN",37920,30,56,25,1,14,10,56.0,7,0,1
95,Spokane,"Spokane, WA",99206,23,56,27,0,15,12,55.6,7,1,0
96,"Lafayette, La","Lafayette, LA",70506,21,55,22,0,5,17,22.7,5,0,0
97,Lexington,"Richmond, KY",40356,18,55,17,0,7,10,41.2,4,1,0
98,"Washington, Dc","Hagerstown, MD",21740,24,54,21,3,7,11,33.3,5,0,2
99,Wilkes Barre-Scranton,"Albrightsville, PA",18210,33,54,36,0,23,13,63.9,5,1,0
100,Youngstown,"Warren, OH",44481,32,54,19,1,10,8,52.6,6,3,1
101,Orlando-Daytona Bch-Melbrn,"Sanford, FL",32773,19,54,17,0,10,7,58.8,6,1,0
102,Houston,"Conroe, TX",77302,23,54,18,1,5,12,27.8,4,0,1
103,Colorado Springs-Pueblo,"Colorado Springs, CO",80925,25,54,30,0,16,14,53.3,13,2,0
104,Baton Rouge,"Baker, LA",70714,25,52,84,25,45,14,53.6,4,2,1
105,Toledo,"Toledo, OH",43614,28,52,26,0,12,14,46.2,5,0,0
106,Omaha,"Bellevue, NE",68005,27,52,12,0,5,7,41.7,3,0,0
107,Los Angeles,"Riverside, CA",92504,26,52,25,3,14,8,56.0,7,0,2
108,Boise,"Boise, ID",83704,20,51,27,4,11,12,40.7,11,1,2
109,Denver,"Fort Collins, CO",80525,17,51,13,0,6,7,46.2,5,1,0
110,Dallas-Ft. Worth,"Anna, TX",75409,24,50,31,1,14,16,45.2,5,2,1
111,Tulsa,"Claremore, OK",74017,24,49,65,6,46,13,70.8,6,1,2
112,San Diego,"Ramona, CA",92065,24,49,18,2,10,6,55.6,10,1,1
113,"Tri-Cities, Tn-Va","Jonesborough, TN",37659,21,49,15,0,7,8,46.7,3,0,0
114,Orlando-Daytona Bch-Melbrn,"Melbourne, FL",32901,20,48,30,5,10,15,33.3,8,5,2
115,Biloxi-Gulfport,"Gulfport, MS",39503,11,48,20,0,9,11,45.0,7,1,0
116,Charlotte,"Charlotte, NC",28173,12,48,26,9,10,7,38.5,1,0,5
117,Savannah,"Hardeeville, SC",29927,16,47,22,0,4,18,18.2,1,1,0
118,West Palm Beach-Ft. Pierce,"Port Saint Lucie, FL",34953,16,45,20,0,7,12,35.0,3,1,0
119,South Bend-Elkhart,"Elkhart, IN",46516,23,45,12,0,4,8,33.3,5,3,0
120,Ft. Wayne,"Fort Wayne, IN",46763,22,44,20,0,11,9,55.0,3,0,0
121,Nashville,"Clarksville, TN",37042,10,43,11,0,5,6,45.5,1,0,0
122,"Charleston, Sc","Summerville, SC",29461,14,43,35,3,17,14,48.6,12,5,2
123,"Washington, Dc","Gaithersburg, MD",20878,23,43,9,0,4,5,44.4,3,1,0
124,Des Moines-Ames,"Des Moines, IA",50317,27,42,24,4,9,11,37.5,6,2,1
125,Shreveport,"Shreveport, LA",71106,17,42,21,0,8,13,38.1,3,0,0
126,"Columbus, Ga","Fort Benning, GA",31905,14,42,21,4,5,12,23.8,7,2,2
127,Palm Springs,"Desert Hot Springs, CA",92240,14,42,17,0,9,8,52.9,4,2,0
128,Miami-Ft. Lauderdale,"Homestead, FL",33035,24,42,20,0,5,15,25.0,5,0,0
129,Tampa-St. Pete,"Venice, FL",34235,15,42,28,2,11,15,39.3,7,1,1
130,Providence-New Bedford,"Providence, RI",02864,28,42,9,0,6,3,66.7,7,1,0
131,Panama City,"Panama City Beach, FL",32413,12,41,16,0,6,10,37.5,7,1,0
132,San Francisco-Oak-San Jose,"Pittsburg, CA",94565,32,41,15,2,5,8,33.3,5,0,2
133,Seattle-Tacoma,"Lake Stevens, WA",98258,12,40,20,0,8,12,40.0,5,2,0
134,Tampa-St. Pete,"Wimauma, FL",33598,17,40,29,2,10,17,34.5,0,0,1
135,New York,"Carmel, NY",10512,29,40,15,0,9,6,60.0,4,0,0
136,Salt Lake City,"Salt Lake City, UT",84116,26,39,10,4,1,5,10.0,10,3,2
137,Savannah,"Hinesville, GA",31313,12,38,8,0,4,4,50.0,2,0,0
138,Honolulu,"Waipahu, HI",96797,20,38,14,0,10,4,71.4,3,0,0
139,Macon,"Macon, GA",31210,14,38,10,0,1,8,10.0,5,1,0
140,Atlanta,"Villa Rica, GA",30180,12,37,19,0,9,10,47.4,4,2,0
141,Cedar Rapids-Wtrlo-Iwc&Dub,"Cedar Rapids, IA",52404,15,37,9,0,3,6,33.3,2,0,0
142,Fresno-Visalia,"Fresno, CA",93704,20,37,17,0,12,5,70.6,6,2,0
143,Springfield-Holyoke,"Ware, MA",01082,33,37,20,1,16,3,80.0,1,1,1
144,Harrisburg-Lncstr-Leb-York,"Hanover, PA",17331,21,37,4,0,3,1,75.0,2,0,0
145,Boston,"Wareham, MA",02571,25,37,13,0,10,3,76.9,3,0,0
146,"Springfield, Mo","Springfield, MO",65802,15,36,21,3,9,9,42.9,6,1,1
147,Orlando-Daytona Bch-Melbrn,"Palm Coast, FL",32164,12,36,6,0,2,4,33.3,4,1,0
148,Gainesville,"Gainesville, FL",32607,14,35,6,0,3,3,50.0,2,0,0
149,Madison,"Madison, WI",53704,16,35,15,0,2,13,13.3,3,0,0
150,Syracuse,"Central Square, NY",13029,20,35,22,0,10,12,45.5,4,1,0
151,Chattanooga,"Chattanooga, TN",30741,23,35,15,1,4,10,26.7,1,0,1
152,Greenville-N. Bern-Washngtn,"Jacksonville, NC",28546,8,34,21,1,8,12,38.1,4,2,1
153,Eugene,"Eugene, OR",97402,10,34,11,1,6,4,54.5,4,0,1
154,"Jackson, Ms","Jackson, MS",39212,19,34,17,0,10,7,58.8,6,1,0
155,Denver,"Longmont, CO",80302,14,34,13,0,5,8,38.5,5,1,0
156,Raleigh-Durham,"Smithfield, NC",27577,11,33,56,16,14,26,25.0,6,1,13
157,Mobile-Pensacola,"Gulf Shores, AL",36542,7,33,21,0,7,14,33.3,1,0,0
158,Roanoke-Lynchburg,"Lynchburg, VA",24503,12,33,9,0,2,7,22.2,0,0,0
159,Fargo-Valley City,"Moorhead, MN",56560,7,32,23,0,9,14,39.1,5,1,0
160,Philadelphia,"Atlantic City, NJ",08401,17,32,12,0,6,6,50.0,5,1,0
161,Boston,"Litchfield, NH",03052,19,31,21,3,6,12,28.6,1,1,2
162,"Portland, Or","Salem, OR",97302,12,31,17,0,5,12,29.4,2,0,0
163,Phoenix,"Surprise, AZ",85351,13,30,15,1,8,6,53.3,4,2,1
164,Wheeling-Steubenville,"Wheeling, WV",26003,19,30,3,0,0,3,0.0,1,0,0
165,Tulsa,"Sapulpa, OK",74066,15,30,9,0,0,9,0.0,3,1,0
166,Greensboro-H. Point-W. Salem,"Graham, NC",27253,7,29,44,16,15,13,34.1,4,3,9
167,Greenville-N. Bern-Washngtn,"Greenville, NC",27834,12,29,21,3,7,11,33.3,6,0,2
168,New Orleans,"Hammond, LA",70403,10,29,9,0,6,3,66.7,2,0,0
169,Montgomery,"Montgomery, AL",36117,13,29,5,0,2,3,40.0,2,0,0
170,Evansville,"Evansville, IN",47712,13,29,4,0,2,2,50.0,1,0,0
171,Grand Rapids-Kalmzoo-B. Crk,"Kalamazoo, MI",49009,16,29,3,0,1,2,33.3,5,3,0
172,Philadelphia,"Phillipsburg, NJ",08865,12,28,10,0,6,4,60.0,4,1,0
173,Indianapolis,"Greenwood, IN",46143,9,28,4,0,3,1,75.0,0,0,0
174,Erie,"Erie, PA",16504,16,28,20,0,13,7,65.0,3,0,0
175,Houston,"La Marque, TX",77568,15,28,11,1,3,7,27.3,6,1,1
176,Boston,"Danvers, MA",01923,16,28,10,2,1,7,10.0,6,2,1
177,Atlanta,"Covington, GA",30016,6,27,8,0,2,6,25.0,1,0,0
178,Ft. Myers-Naples,"Naples, FL",34114,13,27,21,0,12,9,57.1,3,2,0
179,Wilkes Barre-Scranton,"Carbondale, PA",18407,17,27,3,0,1,2,33.3,3,0,0
180,"Washington, Dc","Front Royal, VA",22630,17,27,5,1,1,3,20.0,7,3,1
181,San Antonio,"San Antonio, TX",78253,16,27,5,0,1,4,20.0,3,1,0
182,Salisbury,"Salisbury, MD",19939,11,27,7,0,5,2,71.4,4,2,0
183,Philadelphia,"Newark, DE",19702,9,26,17,0,8,9,47.1,4,0,0
184,Grand Rapids-Kalmzoo-B. Crk,"Grand Rapids, MI",49548,18,26,14,0,5,6,35.7,6,1,0
185,Minneapolis-St. Paul,"Saint Cloud, MN",56303,12,26,11,0,10,1,90.9,1,0,0
186,Tyler-Longview,"Longview, TX",75605,12,26,9,0,5,4,55.6,1,0,0
187,Hartford & New Haven,"Jewett City, CT",06351,16,26,7,0,4,3,57.1,1,0,0
188,Austin,"Georgetown, TX",78626,14,26,3,0,1,2,33.3,5,1,0
189,San Diego,"Chula Vista, CA",91913,15,26,4,0,0,4,0.0,3,1,0
190,Green Bay-Appleton,"Menasha, WI",54952,13,25,16,6,6,4,37.5,1,0,1
191,Birmingham,"Attalla, AL",35954,12,25,8,0,4,4,50.0,4,1,0
192,Charleston-Huntington,"Huntington, WV",25705,15,25,14,0,5,9,35.7,6,1,0
193,Portland-Auburn,"Scarborough, ME",04074,15,25,12,0,7,5,58.3,2,0,0
194,Bakersfield,"Bakersfield, CA",93307,10,25,9,0,3,6,33.3,2,0,0
195,Rockford,"Rockford, IL",61101,14,25,4,0,2,2,50.0,2,0,0
196,Peoria-Bloomington,"Peoria, IL",61604,13,25,3,0,2,1,66.7,3,0,0
197,Tyler-Longview,"Tyler, TX",75701,10,25,3,0,0,3,0.0,4,1,0
198,Harrisburg-Lncstr-Leb-York,"Carlisle, PA",17015,17,25,8,0,5,3,62.5,2,0,0
199,Mobile-Pensacola,"Crestview, FL",32539,8,24,14,0,8,6,57.1,2,2,0
200,Little Rock-Pine Bluff,"Hot Springs National Park, AR",71913,6,24,2,0,2,0,100.0,3,0,0
201,Los Angeles,"Lancaster, CA",93535,8,24,8,0,7,1,87.5,1,1,0
202,Greensboro-H. Point-W. Salem,"Lexington, NC",27292,9,24,15,1,6,8,40.0,5,1,1
203,Atlanta,"Gainesville, GA",30507,10,24,11,2,6,3,54.5,1,1,2
204,Houston,"Baytown, TX",77523,10,24,6,0,1,5,16.7,3,2,0
205,Ft. Smith-Fay-Sprngdl-Rgrs,"Fort Smith, AR",72901,10,24,14,0,4,10,28.6,1,0,0
206,Waco-Temple-Bryan,"Harker Heights, TX",76522,7,24,5,0,3,2,60.0,2,0,0
207,New York,"Middletown, NY",10940,14,24,5,0,1,4,20.0,0,0,0
208,Greenville-N. Bern-Washngtn,"Havelock, NC",28532,13,23,48,6,31,11,64.6,16,9,3
209,Greenvll-Spart-Ashevll-And,"Anderson, SC",29625,11,23,10,0,5,5,50.0,5,2,0
210,Tallahassee-Thomasville,"Crawfordville, FL",32310,10,23,24,2,16,6,66.7,4,2,1
211,Joplin-Pittsburg,"Joplin, MO",64804,10,23,10,1,5,4,50.0,6,3,1
212,Birmingham,"Tuscaloosa, AL",35405,9,23,2,0,0,2,0.0,4,2,0
213,Los Angeles,"Apple Valley, CA",92307,11,23,6,0,1,5,16.7,4,1,0
214,Lake Charles,"Lake Charles, LA",70601,13,23,4,0,1,3,25.0,9,2,0
215,Chicago,"Elgin, IL",60123,18,23,7,0,3,4,42.9,1,0,0
216,Fresno-Visalia,"Visalia, CA",93291,9,22,15,1,7,7,46.7,1,0,1
217,Jacksonville,"Green Cove Springs, FL",32043,9,22,7,0,3,4,42.9,1,1,0
218,Monroe-El Dorado,"West Monroe, LA",71291,9,22,9,0,5,4,55.6,1,1,0
219,Philadelphia,"Bechtelsville, PA",19505,15,22,19,0,13,6,68.4,0,0,0
220,Indianapolis,"Muncie, IN",47303,12,22,6,0,2,4,33.3,1,0,0
221,Oklahoma City,"Choctaw, OK",73020,9,22,6,1,0,5,0.0,1,1,1
222,Seattle-Tacoma,"Olympia, WA",98502,7,21,5,0,2,3,40.0,6,2,0
223,Boston,"Rochester, NH",03867,11,21,18,0,11,7,61.1,2,0,0
224,Tampa-St. Pete,"Sebring, FL",33875,7,21,9,0,2,7,22.2,2,1,0
225,Kansas City,"Kansas City, MO",64157,13,21,13,0,6,7,46.2,2,0,0
226,Knoxville,"Sevierville, TN",37876,6,20,12,0,4,8,33.3,1,1,0
227,Richmond-Petersburg,"Petersburg, VA",23803,7,20,9,0,2,7,22.2,5,1,0
228,Tampa-St. Pete,"North Port, FL",34286,5,20,4,0,3,1,75.0,1,0,0
229,Birmingham,"Pell City, AL",35125,9,20,10,0,5,5,50.0,1,0,0
230,Columbus-Tupelo-West Point,"Saltillo, MS",38866,10,20,5,0,4,1,80.0,2,2,0
231,Indianapolis,"Bloomington, IN",47403,10,20,4,0,3,1,75.0,1,0,0
232,Lincoln & Hstngs-Krny,"Lincoln, NE",68510,10,20,6,0,2,4,33.3,2,0,0
233,Chattanooga,"Ringgold, GA",30705,8,20,7,0,3,4,42.9,4,2,0
234,Terre Haute,"Terre Haute, IN",47802,10,20,4,0,0,4,0.0,1,0,0
235,El Paso,"El Paso, TX",79916,10,20,7,0,6,1,85.7,0,0,0
236,Colorado Springs-Pueblo,"Pueblo, CO",81001,7,20,5,0,3,2,60.0,0,0,0
237,Utica,"Frankfort, NY",13340,10,20,5,0,4,1,80.0,2,0,0
238,Duluth-Superior,"Superior, WI",54880,13,20,0,0,0,0,,1,0,0
239,Reno,"Sparks, NV",89431,12,20,3,0,2,1,66.7,3,3,0
240,"Springfield, Mo","Branson, MO",65616,6,19,9,2,4,3,44.4,3,0,1
241,"Jackson, Tn","Jackson, TN",38305,10,19,12,0,6,6,50.0,2,1,0
242,San Antonio,"Seguin, TX",78155,5,19,9,0,5,4,55.6,1,0,0
243,Tampa-St. Pete,"Homosassa, FL",34446,10,19,11,0,7,4,63.6,1,0,0
244,Hattiesburg-Laurel,"Hattiesburg, MS",39401,8,19,1,0,1,0,100.0,2,0,0
245,New York,"Brick, NJ",08724,13,19,10,0,4,6,40.0,2,0,0
246,Beaumont-Port Arthur,"Vidor, TX",77662,15,19,6,0,2,4,33.3,3,2,0
247,Roanoke-Lynchburg,"Christiansburg, VA",24060,12,19,4,0,2,2,50.0,1,0,0
248,Norfolk-Portsmth-Newpt Nws,"Suffolk, VA",23434,5,18,5,0,3,2,60.0,1,0,0
249,Jacksonville,"Fernandina Beach, FL",32034,5,18,16,0,6,10,37.5,1,0,0
250,Shreveport,"Texarkana, AR",71854,6,18,4,0,3,1,75.0,2,1,0
251,El Paso,"Las Cruces, NM",88001,6,18,3,0,1,2,33.3,1,0,0
252,Louisville,"Elizabethtown, KY",40160,8,18,7,0,2,5,28.6,1,1,0
253,Minneapolis-St. Paul,"Hugo, MN",55038,11,18,9,0,6,3,66.7,1,0,0
254,Columbia-Jefferson City,"Columbia, MO",65201,7,18,5,0,4,1,80.0,3,0,0
255,Harlingen-Wslco-Brnsvl-Mca,"Mcallen, TX",78504,14,18,16,0,7,9,43.8,3,1,0
256,"Columbia, Sc","Elgin, SC",29020,8,18,10,0,3,7,30.0,1,0,0
257,Indianapolis,"Kokomo, IN",46902,7,18,4,0,1,3,25.0,3,1,0
258,San Francisco-Oak-San Jose,"Napa, CA",94558,6,18,7,0,2,5,28.6,1,0,0
259,Sacramnto-Stktn-Modesto,"Tracy, CA",95377,12,18,7,0,4,3,57.1,3,1,0
260,Rochestr-Mason City-Austin,"Rochester, MN",55902,7,18,0,0,0,0,,0,0,0
261,Charlotte,"Rockingham, NC",28379,9,18,5,0,2,3,40.0,2,0,0
262,Odessa-Midland,"Midland, TX",79706,9,18,6,0,1,5,16.7,0,0,0
263,Portland-Auburn,"Augusta, ME",04330,10,17,6,0,3,3,50.0,1,0,0
264,Sioux Falls,"Sioux Falls, SD",57107,8,17,10,0,5,5,50.0,10,2,0
265,Knoxville,"Tazewell, TN",37879,9,17,4,0,2,2,50.0,1,0,0
266,New York,"Mastic Beach, NY",11951,11,17,4,0,2,2,50.0,0,0,0
267,Sacramnto-Stktn-Modesto,"Modesto, CA",95350,10,17,2,0,2,0,100.0,3,1,0
268,"Washington, Dc","Mechanicsville, MD",20659,10,16,12,0,7,5,58.3,0,0,0
269,Myrtle Beach-Florence,"Florence, SC",29501,9,16,7,0,0,7,0.0,4,1,0
270,Champaign & Sprngfld-Decatur,"Springfield, IL",62703,9,16,6,0,5,1,83.3,0,0,0
271,Davenport-R. Island-Moline,"Rock Island, IL",61201,9,16,8,1,4,3,50.0,1,1,1
272,Medford-Klamath Falls,"Medford, OR",97504,7,16,3,0,3,0,100.0,2,1,0
273,"Charleston, Sc","Johns Island, SC",29455,10,16,10,1,2,7,20.0,4,1,1
274,Buffalo,"Niagara Falls, NY",14304,9,16,1,0,1,0,100.0,0,0,0
275,Parkersburg,"Marietta, OH",45750,11,16,2,0,1,1,50.0,1,0,0
276,Kansas City,"Lawrence, KS",66049,10,16,4,0,4,0,100.0,3,0,0
277,New Orleans,"Thibodaux, LA",70301,8,16,0,0,0,0,,2,0,0
278,Lubbock,"Lubbock, TX",79415,9,16,0,0,0,0,,3,0,0
279,Charleston-Huntington,"South Charleston, WV",25309,14,16,3,0,1,2,33.3,2,0,0
280,Los Angeles,"Oxnard, CA",91360,13,16,7,0,6,1,85.7,0,0,0
281,Cedar Rapids-Wtrlo-Iwc&Dub,"Waterloo, IA",50701,7,15,11,0,5,6,45.5,0,0,0
282,Greenvll-Spart-Ashevll-And,"Gaffney, SC",29340,4,15,7,0,3,4,42.9,1,1,0
283,New Orleans,"Carriere, MS",39426,6,15,8,0,5,3,62.5,2,0,0
284,Columbia-Jefferson City,"Jefferson City, MO",65109,5,15,4,0,2,2,50.0,0,0,0
285,Greenvll-Spart-Ashevll-And,"Rutherfordton, NC",28139,6,15,5,0,4,1,80.0,0,0,0
286,Bowling Green,"Bowling Green, KY",42101,4,15,6,2,4,0,66.7,0,0,1
287,Houston,"Huntsville, TX",77340,3,15,1,0,0,1,0.0,1,0,0
288,Youngstown,"Mercer, PA",16137,7,15,1,0,0,1,0.0,1,0,0
289,"Tri-Cities, Tn-Va","Abingdon, VA",24210,10,15,7,0,6,1,85.7,1,0,0
290,Grand Junction-Montrose,"Grand Junction, CO",81501,8,15,2,0,0,2,0.0,1,0,0
291,Harrisonburg,"Charlottesville, VA",22902,10,15,0,0,0,0,,0,0,0
292,Roanoke-Lynchburg,"Vinton, VA",24179,9,15,3,0,1,2,33.3,1,0,0
293,Houston,"Freeport, TX",77480,8,15,4,0,0,4,0.0,1,1,0
294,Corpus Christi,"Corpus Christi, TX",78415,10,15,0,0,0,0,,5,3,0
295,Salt Lake City,"Springville, UT",84663,11,15,5,0,1,4,20.0,1,0,0
296,Wilkes Barre-Scranton,"Berwick, PA",17820,12,15,6,0,0,6,0.0,1,0,0
297,Nashville,"Gallatin, TN",37066,5,14,29,7,10,12,34.5,1,0,4
298,Little Rock-Pine Bluff,"Conway, AR",72032,5,14,14,0,9,5,64.3,3,1,0
299,Greensboro-H. Point-W. Salem,"Star, NC",27356,8,14,33,2,12,19,36.4,2,0,2
300,Atlanta,"Griffin, GA",30224,7,14,5,3,0,2,0.0,0,0,1
301,Louisville,"Frankfort, KY",40601,5,14,3,0,2,1,66.7,1,1,0
302,Abilene-Sweetwater,"Abilene, TX",79601,8,14,7,0,3,4,42.9,1,0,0
303,Atlanta,"Rome, GA",30165,8,14,1,0,0,1,0.0,2,1,0
304,Boston,"Franklin, NH",03235,6,14,1,0,0,1,0.0,1,0,0
305,Philadelphia,"Williamstown, NJ",08094,7,14,4,0,2,2,50.0,1,0,0
306,Greenville-N. Bern-Washngtn,"Goldsboro, NC",27534,6,14,2,0,0,2,0.0,6,2,0
307,Raleigh-Durham,"Rocky Mount, NC",27801,8,14,6,0,2,4,33.3,6,3,0
308,Dothan,"Dothan, AL",36303,9,14,2,0,2,0,100.0,2,1,0
309,Champaign & Sprngfld-Decatur,"Saint Joseph, IL",61873,11,14,9,0,2,7,22.2,0,0,0
310,Anchorage,"Anchorage, AK",99508,9,14,2,0,0,2,0.0,4,1,0
311,Elmira area,"Elmira, NY",14901,11,14,0,0,0,0,,2,0,0
312,Amarillo,"Amarillo, TX",79109,9,14,0,0,0,0,,2,0,0
313,Watertown,"Watertown, NY",13601,5,13,0,0,0,0,,0,0,0
314,"Columbus, Oh","Marion, OH",43302,6,13,7,1,4,2,57.1,2,0,1
315,Phoenix,"Apache Junction, AZ",85119,3,13,9,0,3,6,33.3,1,0,0
316,Greensboro-H. Point-W. Salem,"Mount Airy, NC",27030,8,13,3,0,0,3,0.0,1,0,0
317,"Albany, Ga","Leesburg, GA",31763,6,13,6,0,4,2,66.7,1,0,0
318,Green Bay-Appleton,"Green Bay, WI",54301,6,13,7,0,2,5,28.6,1,0,0
319,Philadelphia,"Clayton, DE",19938,6,13,3,0,0,3,0.0,2,1,0
320,Minneapolis-St. Paul,"Princeton, MN",55371,7,13,2,0,1,1,50.0,0,0,0
321,"Alexandria, La","Pineville, LA",71360,7,13,3,0,2,1,66.7,1,0,0
322,Tulsa,"Wagoner, OK",74467,7,13,3,0,2,1,66.7,4,2,0
323,Roanoke-Lynchburg,"Martinsville, VA",24112,8,13,4,0,3,1,75.0,3,0,0
324,Cleveland-Akron,"Ashland, OH",44805,9,13,3,0,1,2,33.3,2,0,0
325,San Francisco-Oak-San Jose,"Morgan Hill, CA",95037,13,13,9,1,5,3,55.6,1,1,1
326,Huntsville-Decatur,"Shelbyville, TN",37160,8,13,0,0,0,0,,3,1,0
327,Chattanooga,"Athens, TN",37303,10,13,7,0,6,1,85.7,4,2,0
328,Stockton area,"Stockton, CA",95207,6,13,0,0,0,0,,0,0,0
329,Myrtle Beach-Florence,"Lumberton, NC",28358,7,12,15,0,11,4,73.3,3,1,0
330,"Columbus, Ga","Auburn, AL",36830,5,12,7,0,3,4,42.9,0,0,0
331,Boston,"Keene, NH",03431,8,12,8,0,0,8,0.0,3,1,0
332,Nashville,"Spring Hill, TN",37174,4,12,2,0,1,1,50.0,4,3,0
333,Dallas-Ft. Worth,"Granbury, TX",76048,6,12,4,0,3,1,75.0,3,1,0
334,El Paso,"El Paso, TX",79938,6,12,5,0,3,2,60.0,1,0,0
335,Bluefield-Beckley-Oak Hill,"Bluefield, WV",24701,6,12,5,0,2,3,40.0,1,0,0
336,Dublin area,"Dublin, GA",31021,5,12,0,0,0,0,,0,0,0
337,St. Louis,"Wentzville, MO",63385,8,12,4,0,1,3,25.0,0,0,0
338,Bluefield-Beckley-Oak Hill,"Beckley, WV",25801,11,12,4,0,2,2,50.0,3,0,0
339,Tallahassee-Thomasville,"Valdosta, GA",31601,4,12,2,0,0,2,0.0,1,0,0
340,Palm Springs,"Beaumont, CA",92223,5,12,0,0,0,0,,2,1,0
341,Lima,"Lima, OH",45805,5,12,1,0,0,1,0.0,1,0,0
342,Quincy-Hannibal-Keokuk,"Quincy, IL",62301,6,12,1,0,0,1,0.0,1,0,0
343,Little Rock-Pine Bluff,"Searcy, AR",72143,9,12,2,0,1,1,50.0,3,1,0
344,San Francisco-Oak-San Jose,"Hollister, CA",95023,10,12,4,0,1,3,25.0,4,0,0
345,Chico-Redding,"Chico, CA",95928,8,12,1,0,0,1,0.0,0,0,0
346,New York,"Ulster Park, NY",12487,9,12,1,0,0,1,0.0,0,0,0
347,Johnstown-Altoona,"Altoona, PA",16601,8,12,1,0,0,1,0.0,0,0,0
348,La Crosse-Eau Claire,"Chippewa Falls, WI",54701,7,12,1,0,0,1,0.0,1,0,0
349,Paducah-Cape Girar D-Harsbg,"Murphysboro, IL",62959,10,12,2,0,1,1,50.0,0,0,0
350,Reno,"Glenbrook, NV",89413,8,12,4,0,3,1,75.0,1,0,0
351,"Columbus, Oh","Newark, OH",43055,8,11,29,14,12,3,41.4,2,1,2
352,"Columbus, Oh","Lancaster, OH",43130,4,11,5,0,0,5,0.0,1,0,0
353,Orlando-Daytona Bch-Melbrn,"Titusville, FL",32780,3,11,9,0,5,4,55.6,0,0,0
354,Cincinnati,"Lebanon, OH",45036,5,11,7,2,4,1,57.1,0,0,1
355,Wichita Falls & Lawton,"Lawton, OK",73505,5,11,7,0,4,3,57.1,3,0,0
356,Savannah,"Statesboro, GA",30458,6,11,0,0,0,0,,2,1,0
357,Atlanta,"Athens, GA",30605,5,11,2,0,0,2,0.0,4,2,0
358,Jonesboro,"Jonesboro, AR",72401,6,11,3,0,1,2,33.3,3,1,0
359,Wausau-Rhinelander,"Wisconsin Rapids, WI",54494,5,11,0,0,0,0,,0,0,0
360,Tyler-Longview,"Nacogdoches, TX",75964,6,11,2,0,1,1,50.0,0,0,0
361,Hartford & New Haven,"Tolland, CT",06084,6,11,3,0,0,3,0.0,0,0,0
362,Clarksburg-Weston,"Clarksburg, WV",26301,6,11,0,0,0,0,,0,0,0
363,Saginaw area,"Saginaw, MI",48601,8,11,0,0,0,0,,3,0,0
364,Binghamton,"Johnson City, NY",13790,9,11,5,0,3,2,60.0,1,1,0
365,Pittsburgh,"Uniontown, PA",15401,10,11,2,0,1,1,50.0,0,0,0
366,Harrisburg-Lncstr-Leb-York,"Mountville, PA",17554,11,11,4,0,0,4,0.0,2,0,0
367,Orlando-Daytona Bch-Melbrn,"Interlachen, FL",32113,5,11,3,0,1,2,33.3,1,0,0
368,Tampa-St. Pete,"Largo, FL",33708,9,11,4,0,0,4,0.0,1,0,0
369,Lansing area,"Lansing, MI",48917,8,11,0,0,0,0,,2,0,0
370,Grand Rapids-Kalmzoo-B. Crk,"Muskegon, MI",49412,9,11,2,0,0,2,0.0,1,0,0
371,Saint Joseph area,"Saint Joseph, MO",64503,6,11,0,0,0,0,,1,0,0
372,Albany-Schenectady-Troy,"Windham, NY",12192,11,11,2,0,2,0,100.0,0,0,0
373,Lorena area,"Lorena, TX",76655,8,11,0,0,0,0,,1,1,0
374,Meridian,"Meridian, MS",39305,3,10,6,0,2,4,33.3,0,0,0
375,Albuquerque-Santa Fe,"Santa Fe, NM",87507,3,10,4,0,2,2,50.0,2,1,0
376,Dayton,"Richmond, IN",47374,5,10,4,0,1,3,25.0,0,0,0
377,"Tri-Cities, Tn-Va","Coeburn, VA",24230,7,10,5,0,3,2,60.0,3,1,0
378,Minot-Bismarck-Dickinson,"Bismarck, ND",58501,3,10,4,0,3,1,75.0,0,0,0
379,Burlington-Plattsburgh,"Burlington, VT",05401,5,10,3,0,1,2,33.3,1,0,0
380,Butler area,"Butler, PA",16001,4,10,0,0,0,0,,2,0,0
381,Austin,"Bastrop, TX",78602,5,10,2,0,2,0,100.0,1,0,0
382,Phoenix,"Lake Havasu City, AZ",86404,3,10,2,0,0,2,0.0,0,0,0
383,New York,"Mahwah, NJ",07430,8,10,7,0,4,3,57.1,0,0,0
384,"Washington, Dc","Manassas, VA",20109,7,10,4,0,2,2,50.0,0,0,0
385,Paducah-Cape Girar D-Harsbg,"Paducah, KY",42003,6,10,0,0,0,0,,2,0,0
386,Dallas-Ft. Worth,"Keller, TX",76244,6,10,2,0,1,1,50.0,1,0,0
387,Idaho Falls-Pocatello,"Idaho Falls, ID",83401,5,10,0,0,0,0,,0,0,0
388,Wilkes Barre-Scranton,"Luzerne, PA",18709,8,10,1,0,0,1,0.0,0,0,0
389,Harrisonburg,"Staunton, VA",22939,5,10,1,0,1,0,100.0,1,0,0
390,Toledo,"Adrian, MI",43567,7,10,2,0,2,0,100.0,0,0,0
391,Mabank area,"Mabank, TX",75156,7,10,1,0,1,0,100.0,0,0,0
392,San Francisco-Oak-San Jose,"San Rafael, CA",94903,10,10,6,0,2,4,33.3,0,0,0
393,Dayton,"Piqua, OH",45356,3,9,8,0,8,0,100.0,0,0,0
394,Springfield-Holyoke,"Westfield, MA",01085,5,9,8,0,2,6,25.0,3,0,0
395,Nashville,"Springfield, TN",37172,3,9,3,0,0,3,0.0,2,0,0
396,"Columbus, Oh","Marysville, OH",43040,2,9,4,0,2,2,50.0,0,0,0
397,Dallas-Ft. Worth,"Greenville, TX",75401,4,9,4,0,3,1,75.0,0,0,0
398,Wilkes Barre-Scranton,"East Stroudsburg, PA",18302,8,9,5,0,4,1,80.0,2,0,0
399,"Tri-Cities, Tn-Va","Roan Mountain, TN",28604,7,9,16,3,3,10,18.8,0,0,3
400,"Columbia, Sc","Sumter, SC",29150,7,9,5,0,1,4,20.0,2,0,0
401,Missoula,"Missoula, MT",59801,4,9,3,0,1,2,33.3,0,0,0
402,Chattanooga,"Murphy, NC",28906,6,9,2,0,1,1,50.0,0,0,0
403,Orlando-Daytona Bch-Melbrn,"Edgewater, FL",32141,5,9,5,0,3,2,60.0,0,0,0
404,San Diego,"Oceanside, CA",92056,5,9,7,0,3,4,42.9,1,0,0
405,Honolulu,"Kihei, HI",96753,3,9,5,0,1,4,20.0,0,0,0
406,Yakima-Pasco-Rchlnd-Knnwck,"Richland, WA",99352,6,9,7,0,5,2,71.4,1,0,0
407,Albany-Schenectady-Troy,"Pittsfield, MA",01201,5,9,1,0,1,0,100.0,0,0,0
408,Idaho Falls-Pocatello,"Pocatello, ID",83201,3,9,0,0,0,0,,0,0,0
409,Bangor,"Bangor, ME",04401,6,9,0,0,0,0,,0,0,0
410,West Palm Beach-Ft. Pierce,"Vero Beach, FL",32967,4,9,2,0,2,0,100.0,2,0,0
411,Huntsville-Decatur,"Killen, AL",35645,6,9,2,0,1,1,50.0,0,0,0
412,Birmingham,"Anniston, AL",36207,5,9,2,0,1,1,50.0,1,0,0
413,Peoria-Bloomington,"Bloomington, IL",61701,5,9,2,0,2,0,100.0,2,0,0
414,Brownsville area,"Brownsville, TX",78521,5,9,0,0,0,0,,0,0,0
415,Portland-Auburn,"Fryeburg, ME",03818,7,9,2,0,1,1,50.0,0,0,0
416,Unadilla area,"Unadilla, NY",13849,6,9,0,0,0,0,,0,0,0
417,Pittsburgh,"Indiana, PA",15701,7,9,0,0,0,0,,0,0,0
418,Salisbury,"Salisbury, MD",21801,5,9,0,0,0,0,,1,1,0
419,Mccomb area,"Mccomb, MS",39648,5,9,0,0,0,0,,0,0,0
420,Manteno area,"Manteno, IL",60950,6,9,0,0,0,0,,0,0,0
421,Rolla area,"Rolla, MO",65401,5,9,0,0,0,0,,0,0,0
422,Seattle-Tacoma,"Oak Harbor, WA",98277,6,9,3,0,2,1,66.7,0,0,0
423,Sioux City,"Sioux City, IA",51104,8,9,1,1,0,0,0.0,2,1,1
424,South Bend-Elkhart,"Benton Harbor, MI",49022,6,8,9,2,6,1,66.7,0,0,1
425,Williston area,"Williston, ND",58801,1,8,0,0,0,0,,0,0,0
426,"Columbus, Oh","Chillicothe, OH",45601,3,8,2,0,0,2,0.0,0,0,0
427,Paducah-Cape Girar D-Harsbg,"Poplar Bluff, MO",63901,3,8,6,0,2,4,33.3,2,0,0
428,New Orleans,"Slidell, LA",70458,5,8,4,0,0,4,0.0,2,0,0
429,Atlanta,"Carnesville, GA",30521,8,8,10,0,4,6,40.0,1,0,0
430,Macon,"Bonaire, GA",31005,4,8,5,0,3,2,60.0,1,0,0
431,Cleveland-Akron,"Sandusky, OH",44870,4,8,1,0,0,1,0.0,0,0,0
432,Minneapolis-St. Paul,"Northfield, MN",55057,3,8,0,0,0,0,,0,0,0
433,Colorado Springs-Pueblo,"Monument, CO",80132,3,8,5,0,4,1,80.0,0,0,0
434,Sacramnto-Stktn-Modesto,"Grass Valley, CA",95945,5,8,5,0,3,2,60.0,1,0,0
435,Cincinnati,"New Richmond, OH",45157,6,8,4,0,4,0,100.0,1,0,0
436,Indianapolis,"Columbus, IN",47201,4,8,7,0,1,6,14.3,1,0,0
437,Minneapolis-St. Paul,"Rogers, MN",55374,7,8,3,0,3,0,100.0,1,0,0
438,Providence-New Bedford,"Newport, RI",02840,6,8,2,0,1,1,50.0,1,0,0
439,Greenvll-Spart-Ashevll-And,"Laurens, SC",29360,5,8,3,0,1,2,33.3,1,0,0
440,Jacksonville,"Brunswick, GA",31522,5,8,3,0,2,1,66.7,2,1,0
441,Memphis,"Arlington, TN",38002,5,8,2,0,0,2,0.0,2,2,0
442,Louisville,"Salem, IN",47167,4,8,1,0,0,1,0.0,0,0,0
443,Port Huron area,"Port Huron, MI",48060,5,8,2,0,0,2,0.0,0,0,0
444,Traverse City-Cadillac,"Mancelona, MI",49659,4,8,1,0,0,1,0.0,0,0,0
445,Chicago,"Ottawa, IL",61350,4,8,2,0,2,0,100.0,0,0,0
446,Waco-Temple-Bryan,"Temple, TX",76502,6,8,1,0,0,1,0.0,0,0,0
447,Casper-Riverton,"Casper, WY",82601,4,8,1,0,1,0,100.0,2,1,0
448,Twin Falls,"Jerome, ID",83338,4,8,2,0,1,1,50.0,4,1,0
449,"Bend, Or","Redmond, OR",97756,3,8,1,0,0,1,0.0,1,0,0
450,Fairbanks,"Fairbanks, AK",99709,3,8,1,0,0,1,0.0,1,0,0
451,Syracuse,"Cortland, NY",13045,5,8,0,0,0,0,,1,0,0
452,Pittsburgh,"Darlington, PA",16115,6,8,2,0,0,2,0.0,0,0,0
453,Atlanta,"Lagrange, GA",30241,5,8,1,0,0,1,0.0,1,0,0
454,Evansville,"Greenville, KY",42345,4,8,0,0,0,0,,0,0,0
455,Wichita Falls & Lawton,"Wichita Falls, TX",76309,6,8,0,0,0,0,,2,0,0
456,Brunswick area,"Brunswick, ME",04011,6,8,0,0,0,0,,1,1,0
457,Syracuse,"Auburn, NY",13021,7,8,0,0,0,0,,0,0,0
458,"Albany, Ga","Moultrie, GA",31620,5,8,1,0,0,1,0.0,0,0,0
459,Oconomowoc area,"Oconomowoc, WI",53066,7,8,0,0,0,0,,0,0,0
460,Madison,"Delavan, WI",53115,6,8,0,0,0,0,,1,0,0
461,St. Louis,"Park Hills, MO",63601,7,8,2,0,1,1,50.0,0,0,0
462,Birmingham,"Cullman, AL",35058,6,7,4,0,3,1,75.0,1,0,0
463,Cincinnati,"Glencoe, KY",41046,6,7,6,0,3,3,50.0,2,1,0
464,Minot-Bismarck-Dickinson,"Minot, ND",58701,2,7,1,0,1,0,100.0,0,0,0
465,Sacramnto-Stktn-Modesto,"Twain Harte, CA",95383,3,7,5,0,5,0,100.0,1,0,0
466,Cumberland area,"Cumberland, MD",21502,3,7,0,0,0,0,,0,0,0
467,Flint-Saginaw-Bay City,"Owosso, MI",48867,7,7,6,0,5,1,83.3,2,0,0
468,Traverse City-Cadillac,"Petoskey, MI",49770,3,7,1,0,0,1,0.0,0,0,0
469,Butte-Bozeman,"Bozeman, MT",59718,2,7,2,0,2,0,100.0,0,0,0
470,Paris area,"Paris, TX",75460,3,7,0,0,0,0,,0,0,0
471,Amarillo,"Clovis, NM",88101,3,7,1,0,0,1,0.0,1,0,0
472,Santabarbra-Sanmar-Sanluob,"Lompoc, CA",93436,4,7,2,0,1,1,50.0,0,0,0
473,Jamestown area,"Jamestown, NY",14701,4,7,0,0,0,0,,2,0,0
474,Augusta,"Blackville, SC",29817,5,7,2,0,1,1,50.0,0,0,0
475,Conneaut area,"Conneaut, OH",44030,4,7,0,0,0,0,,0,0,0
476,Chicago,"Michigan City, IN",46360,3,7,0,0,0,0,,0,0,0
477,Kansas City,"Warrensburg, MO",64093,5,7,1,0,1,0,100.0,0,0,0
478,Houston,"Hockley, TX",77447,5,7,1,0,0,1,0.0,1,0,0
479,Roswell area,"Roswell, NM",88201,2,7,0,0,0,0,,1,0,0
480,Burlington-Plattsburgh,"Newport, NH",03773,6,7,2,0,1,1,50.0,0,0,0
481,Great Falls,"Great Falls, MT",59404,4,7,1,0,1,0,100.0,1,1,0
482,Paducah-Cape Girar D-Harsbg,"Cape Girardeau, MO",63703,3,7,0,0,0,0,,0,0,0
483,Columbia-Jefferson City,"Kaiser, MO",65047,6,7,3,0,0,3,0.0,1,0,0
484,Denison area,"Denison, TX",75020,5,7,1,0,0,1,0.0,0,0,0
485,Cheyenne-Scottsbluf,"Cheyenne, WY",82001,4,7,0,0,0,0,,0,0,0
486,San Francisco-Oak-San Jose,"Santa Rosa, CA",95403,5,7,4,0,3,1,75.0,1,1,0
487,Sacramnto-Stktn-Modesto,"Placerville, CA",95667,6,7,1,0,1,0,100.0,1,0,0
488,New York,"Sag Harbor, NY",11937,5,7,0,0,0,0,,0,0,0
489,Nashville,"Bon Aqua, TN",37025,6,7,0,0,0,0,,2,0,0
490,Bluffton area,"Bluffton, IN",46714,5,7,0,0,0,0,,0,0,0
491,Lansing,"Jackson, MI",49201,6,7,0,0,0,0,,1,0,0
492,Rock Falls area,"Rock Falls, IL",61071,5,7,0,0,0,0,,1,0,0
493,San Angelo,"San Angelo, TX",76901,4,7,0,0,0,0,,0,0,0
494,Merced area,"Merced, CA",95340,5,7,0,0,0,0,,0,0,0
495,Seattle-Tacoma,"Ferndale, WA",98225,5,7,0,0,0,0,,3,1,0
496,Greenvll-Spart-Ashevll-And,"Sylva, NC",28779,6,6,10,0,9,1,90.0,1,1,0
497,Myrtle Beach-Florence,"Murrells Inlet, SC",29576,4,6,5,2,0,3,0.0,8,3,1
498,Columbus-Tupelo-West Point,"Starkville, MS",39759,3,6,3,0,0,3,0.0,1,0,0
499,Tampa-St. Pete,"Lake Wales, FL",33859,5,6,5,0,1,4,20.0,0,0,0
500,Columbia-Jefferson City,"Otterville, MO",65348,3,6,3,0,3,0,100.0,0,0,0
501,"Springfield, Mo","Bolivar, MO",65613,2,6,0,0,0,0,,0,0,0
502,Baton Rouge,"Gonzales, LA",70737,3,6,1,0,1,0,100.0,1,1,0
503,Roanoke-Lynchburg,"Danville, VA",24540,3,6,1,0,0,1,0.0,0,0,0
504,Dubuque area,"Dubuque, IA",52001,3,6,0,0,0,0,,0,0,0
505,Rapid City,"Box Elder, SD",57719,4,6,2,0,1,1,50.0,3,0,0
506,Topeka,"Junction City, KS",66441,3,6,2,0,1,1,50.0,1,0,0
507,"Alexandria, La","Fort Polk, LA",71459,4,6,3,0,3,0,100.0,1,0,0
508,Tyler-Longview,"Lufkin, TX",75901,3,6,1,0,0,1,0.0,1,0,0
509,Salt Lake City,"Saint George, UT",84790,4,6,3,0,2,1,66.7,0,0,0
510,Jacksonville,"Lake City, FL",32055,4,6,1,0,0,1,0.0,1,0,0
511,Lake area,"Lake, MS",39092,4,6,0,0,0,0,,0,0,0
512,Bainbridge area,"Bainbridge, GA",39817,3,6,0,0,0,0,,0,0,0
513,Cincinnati,"West Union, OH",45693,6,6,2,0,2,0,100.0,1,0,0
514,Detroit,"Milford, MI",48381,6,6,4,0,0,4,0.0,0,0,0
515,Schofield area,"Schofield, WI",54476,3,6,0,0,0,0,,0,0,0
516,Galesburg area,"Galesburg, IL",61401,5,6,0,0,0,0,,2,1,0
517,Russellville area,"Russellville, AR",72801,4,6,0,0,0,0,,0,0,0
518,Sierra Vista area,"Sierra Vista, AZ",85635,3,6,0,0,0,0,,1,0,0
519,Ojai area,"Ojai, CA",93023,4,6,0,0,0,0,,1,0,0
520,Los Angeles,"Lancaster, CA",93536,5,6,2,0,1,1,50.0,0,0,0
521,Monterey-Salinas,"Marina, CA",93933,4,6,1,0,1,0,100.0,1,0,0
522,Batavia area,"Batavia, NY",14020,5,6,0,0,0,0,,0,0,0
523,Elmira,"Hornell, NY",14839,5,6,1,0,1,0,100.0,1,1,0
524,Smethport area,"Smethport, PA",16749,5,6,0,0,0,0,,1,0,0
525,Knoxville,"Rogersville, TN",37857,5,6,0,0,0,0,,2,0,0
526,Morehead area,"Morehead, KY",40351,5,6,0,0,0,0,,0,0,0
527,Jackson area,"Jackson, OH",45640,6,6,0,0,0,0,,1,0,0
528,Athens area,"Athens, OH",45701,5,6,0,0,0,0,,0,0,0
529,"Lafayette, In","West Lafayette, IN",47904,4,6,0,0,0,0,,3,0,0
530,Champaign & Sprngfld-Decatur,"Decatur, IL",62521,5,6,1,0,0,1,0.0,1,1,0
531,Little Rock-Pine Bluff,"Pine Bluff, AR",71603,4,6,0,0,0,0,,0,0,0
532,Oklahoma City,"Stillwater, OK",74074,4,6,0,0,0,0,,1,0,0
533,Dallas-Ft. Worth,"Ennis, TX",75119,4,6,0,0,0,0,,1,1,0
534,Salt Lake City,"Ogden, UT",84067,5,6,1,0,0,1,0.0,3,1,0
535,Phoenix,"Prescott Valley, AZ",86314,5,6,1,0,0,1,0.0,1,0,0
536,Bullhead City area,"Bullhead City, AZ",86413,4,6,0,0,0,0,,1,0,0
537,Arcata area,"Arcata, CA",95503,4,6,0,0,0,0,,2,0,0
538,Sacramnto-Stktn-Modesto,"Yuba City, CA",95961,5,6,1,0,0,1,0.0,1,0,0
539,Norfolk-Portsmth-Newpt Nws,"Virginia Beach, VA",23456,2,5,6,1,2,3,33.3,0,0,1
540,Raleigh-Durham,"Timberlake, NC",27583,5,5,16,0,13,3,81.2,1,0,0
541,Norfolk-Portsmth-Newpt Nws,"Williamsburg, VA",23185,3,5,7,0,3,4,42.9,0,0,0
542,Los Angeles,"Twentynine Palms, CA",92277,1,5,3,0,2,1,66.7,0,0,0
543,Traverse City-Cadillac,"Traverse City, MI",49684,3,5,3,0,1,2,33.3,1,0,0
544,Missoula,"Kalispell, MT",59901,1,5,1,0,1,0,100.0,1,0,0
545,Raleigh-Durham,"Clinton, NC",28328,3,5,2,0,1,1,50.0,0,0,0
546,Indianapolis,"Crawfordsville, IN",47933,2,5,2,0,2,0,100.0,1,0,0
547,Madison,"Wisconsin Dells, WI",53965,2,5,1,0,0,1,0.0,0,0,0
548,Jacksonville area,"Jacksonville, IL",62650,1,5,0,0,0,0,,0,0,0
549,Wilkes Barre-Scranton,"Williamsport, PA",17701,3,5,1,0,0,1,0.0,0,0,0
550,Salisbury,"Greenwood, DE",19950,3,5,1,0,0,1,0.0,0,0,0
551,Norfolk-Portsmth-Newpt Nws,"Elizabeth City, NC",27909,2,5,0,0,0,0,,0,0,0
552,Okeechobee area,"Okeechobee, FL",34974,2,5,0,0,0,0,,0,0,0
553,Paris area,"Paris, KY",40361,2,5,0,0,0,0,,0,0,0
554,Lexington,"Somerset, KY",42501,5,5,2,0,2,0,100.0,2,1,0
555,Monroe-El Dorado,"Ruston, LA",71270,2,5,0,0,0,0,,0,0,0
556,El Dorado area,"El Dorado, AR",71730,2,5,0,0,0,0,,0,0,0
557,Las Vegas,"Las Vegas, NV",89149,3,5,1,0,0,1,0.0,1,1,0
558,Willits area,"Willits, CA",95490,4,5,1,0,1,0,100.0,1,0,0
559,Oil City area,"Oil City, PA",16301,2,5,0,0,0,0,,0,0,0
560,Raleigh-Durham,"Emporia, VA",23847,4,5,5,1,1,3,20.0,0,0,1
561,Birmingham,"Jasper, AL",35504,4,5,3,0,2,1,66.7,0,0,0
562,Green Bay-Appleton,"Oconto, WI",54153,3,5,1,0,0,1,0.0,0,0,0
563,Mankato area,"Mankato, MN",56001,3,5,0,0,0,0,,0,0,0
564,Helena area,"Helena, MT",59602,3,5,0,0,0,0,,1,0,0
565,"Springfield, Mo","Monett, MO",65708,4,5,1,0,0,1,0.0,0,0,0
566,Oklahoma City,"Blanchard, OK",73010,4,5,1,0,0,1,0.0,0,0,0
567,Spokane,"Moscow, ID",83843,3,5,3,0,1,2,33.3,1,0,0
568,Kelseyville area,"Kelseyville, CA",95451,3,5,0,0,0,0,,0,0,0
569,Medford-Klamath Falls,"Klamath Falls, OR",97603,2,5,0,0,0,0,,1,0,0
570,Port Angeles area,"Port Angeles, WA",98363,2,5,0,0,0,0,,1,0,0
571,Harrisburg-Lncstr-Leb-York,"Harrisburg, PA",17112,4,5,0,0,0,0,,0,0,0
572,Harrisonburg,"Harrisonburg, VA",22801,3,5,0,0,0,0,,0,0,0
573,Greensboro-H. Point-W. Salem,"Rural Hall, NC",27019,3,5,1,0,1,0,100.0,0,0,0
574,Nashville,"Carthage, TN",37030,4,5,1,0,1,0,100.0,1,0,0
575,Biloxi-Gulfport,"Gautier, MS",39553,5,5,1,0,1,0,100.0,0,0,0
576,Louisville,"Bardstown, KY",40004,3,5,1,0,1,0,100.0,2,0,0
577,Corbin area,"Corbin, KY",40701,4,5,1,0,1,0,100.0,1,0,0
578,Charleston-Huntington,"Pikeville, KY",41501,4,5,0,0,0,0,,0,0,0
579,Nashville,"Murray, KY",42071,4,5,0,0,0,0,,0,0,0
580,Billings,"Billings, MT",59101,4,5,2,0,1,1,50.0,1,1,0
581,Topeka area,"Topeka, KS",66614,4,5,0,0,0,0,,1,0,0
582,Salt Lake City,"Logan, UT",84321,5,5,1,0,0,1,0.0,1,0,0
583,Santabarbra-Sanmar-Sanluob,"San Luis Obispo, CA",93401,5,5,1,0,1,0,100.0,0,0,0
584,Gallipolis Ferry area,"Gallipolis Ferry, WV",25262,5,5,0,0,0,0,,1,0,0
585,South Bend-Elkhart,"Knox, IN",46501,5,5,0,0,0,0,,0,0,0
586,Ft. Smith-Fay-Sprngdl-Rgrs,"Branch, AR",72855,6,5,1,0,0,1,0.0,0,0,0
587,"Portland, Or","Ariel, WA",98603,4,4,6,0,6,0,100.0,0,0,0
588,"Albany, Ga","Douglas, GA",31535,2,4,3,0,1,2,33.3,0,0,0
589,Burlington-Plattsburgh,"Barre, VT",05641,1,4,1,0,1,0,100.0,0,0,0
590,"Springfield, Mo","Mountain Home, AR",72653,2,4,3,0,2,1,66.7,0,0,0
591,Denver,"Brighton, CO",80601,1,4,1,0,0,1,0.0,0,0,0
592,Ft. Myers-Naples,"Labelle, FL",33935,2,4,1,0,0,1,0.0,0,0,0
593,"Columbus, Oh","Washington Court House, OH",43160,2,4,1,0,1,0,100.0,0,0,0
594,Dallas-Ft. Worth,"Sulphur Springs, TX",75482,2,4,1,0,1,0,100.0,0,0,0
595,Denver,"Glenwood Springs, CO",81601,1,4,0,0,0,0,,0,0,0
596,Denver,"Gillette, WY",82718,2,4,1,0,1,0,100.0,0,0,0
597,Chico-Redding,"Red Bluff, CA",96080,2,4,3,0,2,1,66.7,1,0,0
598,Kailua Kona area,"Kailua Kona, HI",96740,1,4,0,0,0,0,,1,0,0
599,Anchorage,"Wasilla, AK",99654,2,4,1,0,0,1,0.0,0,0,0
600,Edgewater area,"Edgewater, MD",21037,2,4,0,0,0,0,,0,0,0
601,"Charleston, Sc","Walterboro, SC",29488,2,4,1,0,0,1,0.0,0,0,0
602,Panama City,"Miramar Beach, FL",32550,2,4,0,0,0,0,,1,0,0
603,Memphis,"Dyersburg, TN",38024,3,4,1,0,1,0,100.0,1,0,0
604,Meridian,"Philadelphia, MS",39350,2,4,0,0,0,0,,0,0,0
605,Louisville,"Madison, IN",47250,2,4,1,0,1,0,100.0,0,0,0
606,Flint-Saginaw-Bay City,"Mount Pleasant, MI",48858,3,4,1,0,1,0,100.0,2,1,0
607,Rhinelander area,"Rhinelander, WI",54501,2,4,0,0,0,0,,0,0,0
608,Batesville area,"Batesville, AR",72501,2,4,0,0,0,0,,0,0,0
609,Stigler area,"Stigler, OK",74462,2,4,0,0,0,0,,0,0,0
610,Dallas-Ft. Worth,"Gainesville, TX",76240,3,4,3,0,1,2,33.3,1,0,0
611,Laredo,"Laredo, TX",78045,3,4,1,0,0,1,0.0,2,1,0
612,Durango area,"Durango, CO",81301,2,4,0,0,0,0,,0,0,0
613,Denver,"Edwards, CO",81632,3,4,2,0,1,1,50.0,0,0,0
614,Salt Lake City,"Tooele, UT",84005,2,4,2,0,1,1,50.0,1,0,0
615,Tucson,"Tucson, AZ",85747,3,4,3,0,2,1,66.7,0,0,0
616,Redding area,"Redding, CA",96002,2,4,0,0,0,0,,0,0,0
617,Roseburg area,"Roseburg, OR",97470,2,4,0,0,0,0,,0,0,0
618,Sequim area,"Sequim, WA",98382,2,4,0,0,0,0,,3,2,0
619,South Thomaston area,"South Thomaston, ME",04858,3,4,0,0,0,0,,2,2,0
620,Portland-Auburn,"Clinton, ME",04927,4,4,1,0,0,1,0.0,0,0,0
621,Mount Morris area,"Mount Morris, NY",14510,3,4,0,0,0,0,,0,0,0
622,Johnstown-Altoona,"Johnstown, PA",15563,3,4,1,0,1,0,100.0,0,0,0
623,Farmville area,"Farmville, VA",23901,3,4,0,0,0,0,,0,0,0
624,Greenvll-Spart-Ashevll-And,"Pickens, SC",28712,2,4,0,0,0,0,,0,0,0
625,Thomasville area,"Thomasville, GA",31792,3,4,0,0,0,0,,0,0,0
626,Fountain area,"Fountain, FL",32438,3,4,0,0,0,0,,0,0,0
627,Mobile-Pensacola,"Flomaton, AL",32565,3,4,1,0,0,1,0.0,1,0,0
628,Nashville,"Huntland, TN",37345,4,4,1,0,0,1,0.0,0,0,0
629,Martin area,"Martin, TN",38237,3,4,0,0,0,0,,1,0,0
630,Adamsville area,"Adamsville, TN",38310,3,4,0,0,0,0,,0,0,0
631,Cambridge area,"Cambridge, OH",43725,3,4,0,0,0,0,,0,0,0
632,Toledo,"Findlay, OH",45840,3,4,0,0,0,0,,0,0,0
633,Spencer area,"Spencer, WI",54449,2,4,0,0,0,0,,0,0,0
634,Hibbing area,"Hibbing, MN",55746,3,4,0,0,0,0,,0,0,0
635,Grand Forks area,"Grand Forks, ND",58201,3,4,0,0,0,0,,1,0,0
636,Ft. Smith-Fay-Sprngdl-Rgrs,"Garfield, AR",72732,4,4,1,0,1,0,100.0,0,0,0
637,Oklahoma City,"Ponca City, OK",74601,2,4,0,0,0,0,,0,0,0
638,Mineral Wells area,"Mineral Wells, TX",76067,2,4,0,0,0,0,,0,0,0
639,Dallas-Ft. Worth,"Decatur, TX",76073,2,4,0,0,0,0,,0,0,0
640,Phoenix,"Maricopa, AZ",85122,2,4,0,0,0,0,,0,0,0
641,Yuma area,"Yuma, AZ",85367,3,4,0,0,0,0,,0,0,0
642,Albuquerque-Santa Fe,"Alamogordo, NM",88310,3,4,0,0,0,0,,1,0,0
643,Honolulu,"Keaau, HI",96749,3,4,0,0,0,0,,0,0,0
644,Big Sandy area,"Big Sandy, TN",37134,4,4,0,0,0,0,,0,0,0
645,La Follette area,"La Follette, TN",37714,4,4,0,0,0,0,,0,0,0
646,Alger area,"Alger, MI",48610,4,4,0,0,0,0,,0,0,0
647,Grapeland area,"Grapeland, TX",75801,4,4,0,0,0,0,,0,0,0
648,Victoria,"Victoria, TX",77901,4,4,0,0,0,0,,1,0,0
649,Charlotte,"Cleveland, NC",27013,1,3,5,0,4,1,80.0,0,0,0
650,Savannah,"Odum, GA",31555,2,3,5,0,0,5,0.0,0,0,0
651,El Paso,"Chaparral, NM",88081,1,3,3,0,2,1,66.7,1,0,0
652,"Portland, Or","Astoria, OR",97103,2,3,4,0,1,3,25.0,0,0,0
653,Charlotte,"Morganton, NC",28655,1,3,2,0,2,0,100.0,3,1,0
654,West Palm Beach-Ft. Pierce,"Jupiter, FL",33458,2,3,3,0,1,2,33.3,1,0,0
655,Oklahoma City,"Enid, OK",73701,2,3,2,0,2,0,100.0,1,1,0
656,Oklahoma City,"Seminole, OK",74868,2,3,3,0,1,2,33.3,0,0,0
657,Honolulu,"Kamuela, HI",96743,2,3,3,0,1,2,33.3,0,0,0
658,Yakima-Pasco-Rchlnd-Knnwck,"Ellensburg, WA",98926,1,3,2,0,0,2,0.0,0,0,0
659,Albany-Schenectady-Troy,"South Glens Falls, NY",12803,3,3,3,0,0,3,0.0,0,0,0
660,Savannah,"Hampton, SC",29924,2,3,2,0,1,1,50.0,0,0,0
661,Macon,"Vienna, GA",31092,3,3,3,0,3,0,100.0,0,0,0
662,Bowling Green,"Glasgow, KY",42141,2,3,2,0,2,0,100.0,1,0,0
663,Eunice area,"Eunice, LA",70535,1,3,1,0,1,0,100.0,0,0,0
664,Shreveport,"Minden, LA",71055,2,3,2,0,0,2,0.0,1,0,0
665,Odessa-Midland,"Big Spring, TX",79720,1,3,1,0,1,0,100.0,0,0,0
666,Seattle-Tacoma,"Aberdeen, WA",98520,1,3,1,0,0,1,0.0,0,0,0
667,Jacksonville,"Waycross, GA",31501,2,3,2,0,1,1,50.0,0,0,0
668,Ft. Myers-Naples,"Bonita Springs, FL",34135,1,3,0,0,0,0,,1,0,0
669,Birmingham,"Verbena, AL",36091,3,3,2,0,2,0,100.0,0,0,0
670,Knoxville,"Harriman, TN",37748,2,3,2,0,1,1,50.0,0,0,0
671,"Jackson, Ms","Vicksburg, MS",39183,2,3,1,0,0,1,0.0,0,0,0
672,Green Bay-Appleton,"Fond Du Lac, WI",54935,2,3,1,0,0,1,0.0,0,0,0
673,Winona area,"Winona, MN",55987,1,3,0,0,0,0,,0,0,0
674,Alexandria area,"Alexandria, MN",56308,1,3,0,0,0,0,,0,0,0
675,West Plains area,"West Plains, MO",65775,1,3,0,0,0,0,,1,0,0
676,Kansas City,"Leavenworth, KS",66048,1,3,0,0,0,0,,0,0,0
677,Natchitoches area,"Natchitoches, LA",71457,1,3,0,0,0,0,,0,0,0
678,Camden area,"Camden, AR",71701,1,3,0,0,0,0,,0,0,0
679,Blytheville area,"Blytheville, AR",72315,1,3,0,0,0,0,,0,0,0
680,Bartlesville area,"Bartlesville, OK",74006,1,3,0,0,0,0,,0,0,0
681,Ada area,"Ada, OK",74820,1,3,0,0,0,0,,0,0,0
682,Dallas-Ft. Worth,"Terrell, TX",75161,3,3,3,0,0,3,0.0,0,0,0
683,Dallas-Ft. Worth,"Van, TX",75790,3,3,1,0,0,1,0.0,1,0,0
684,Eastland area,"Eastland, TX",76448,1,3,0,0,0,0,,0,0,0
685,El Campo area,"El Campo, TX",77437,2,3,1,0,1,0,100.0,0,0,0
686,Flagstaff area,"Flagstaff, AZ",86004,1,3,0,0,0,0,,2,0,0
687,Carlsbad area,"Carlsbad, NM",88220,1,3,0,0,0,0,,0,0,0
688,Barstow area,"Barstow, CA",92311,1,3,0,0,0,0,,0,0,0
689,Los Angeles,"Laguna Niguel, CA",92677,2,3,2,0,0,2,0.0,0,0,0
690,Greenfield area,"Greenfield, MA",01301,2,3,0,0,0,0,,0,0,0
691,Rutland area,"Rutland, VT",05701,2,3,0,0,0,0,,2,0,0
692,"Washington, Dc","Purcellville, VA",20132,3,3,1,0,0,1,0.0,0,0,0
693,Charleston-Huntington,"Pecks Mill, WV",25547,3,3,1,0,0,1,0.0,0,0,0
694,Ahoskie area,"Ahoskie, NC",27910,2,3,0,0,0,0,,1,0,0
695,Wilmington,"Hallsboro, NC",28442,3,3,3,2,0,1,0.0,1,1,2
696,Mullins area,"Mullins, SC",29546,2,3,1,0,1,0,100.0,0,0,0
697,Savannah,"Beaufort, SC",29902,2,3,0,0,0,0,,0,0,0
698,Augusta,"Thomson, GA",30824,2,3,0,0,0,0,,1,0,0
699,Tallahassee-Thomasville,"Live Oak, FL",32060,2,3,0,0,0,0,,0,0,0
700,Nashville,"Lawrenceburg, TN",38464,2,3,0,0,0,0,,0,0,0
701,Nashville,"Cookeville, TN",38506,3,3,0,0,0,0,,1,0,0
702,Batesville area,"Batesville, MS",38606,2,3,0,0,0,0,,0,0,0
703,Memphis,"Oxford, MS",38655,2,3,0,0,0,0,,0,0,0
704,Laurel area,"Laurel, MS",39443,2,3,0,0,0,0,,0,0,0
705,Brookhaven area,"Brookhaven, MS",39601,2,3,0,0,0,0,,0,0,0
706,Falls Of Rough area,"Falls Of Rough, KY",40119,2,3,0,0,0,0,,0,0,0
707,Lexington,"Berea, KY",40403,2,3,0,0,0,0,,0,0,0
708,Charleston-Huntington,"Portsmouth, OH",41144,2,3,1,0,1,0,100.0,0,0,0
709,Greencastle area,"Greencastle, IN",46135,2,3,0,0,0,0,,0,0,0
710,Mio area,"Mio, MI",48647,2,3,0,0,0,0,,0,0,0
711,Baldwin area,"Baldwin, MI",49304,2,3,0,0,0,0,,0,0,0
712,Davenport-R. Island-Moline,"Muscatine, IA",52761,2,3,1,0,0,1,0.0,0,0,0
713,Racine area,"Racine, WI",53402,2,3,1,0,1,0,100.0,0,0,0
714,La Crosse area,"La Crosse, WI",54601,2,3,0,0,0,0,,0,0,0
715,Grand Rapids area,"Grand Rapids, MN",55744,2,3,0,0,0,0,,0,0,0
716,Belle Plaine area,"Belle Plaine, MN",56011,2,3,0,0,0,0,,0,0,0
717,Belgrade area,"Belgrade, MN",56312,2,3,0,0,0,0,,0,0,0
718,St. Louis,"Mascoutah, IL",62258,3,3,1,0,1,0,100.0,0,0,0
719,Colchester area,"Colchester, IL",62326,2,3,0,0,0,0,,0,0,0
720,Champaign & Sprngfld-Decatur,"Effingham, IL",62401,3,3,1,0,0,1,0.0,0,0,0
721,Du Quoin area,"Du Quoin, IL",62832,2,3,0,0,0,0,,0,0,0
722,Paducah-Cape Girar D-Harsbg,"Charleston, MO",63834,4,3,1,0,1,0,100.0,1,1,0
723,Warsaw area,"Warsaw, MO",65355,2,3,0,0,0,0,,0,0,0
724,Tekamah area,"Tekamah, NE",68061,3,3,1,0,1,0,100.0,0,0,0
725,Morgan City area,"Morgan City, LA",70380,2,3,0,0,0,0,,0,0,0
726,Magnolia area,"Magnolia, AR",71753,2,3,0,0,0,0,,0,0,0
727,Heber Springs area,"Heber Springs, AR",72543,2,3,0,0,0,0,,0,0,0
728,Pauls Valley area,"Pauls Valley, OK",73075,2,3,0,0,0,0,,1,0,0
729,Dallas-Ft. Worth,"Irene, TX",76650,3,3,1,0,0,1,0.0,0,0,0
730,Brownwood area,"Brownwood, TX",76801,2,3,0,0,0,0,,1,0,0
731,San Antonio,"San Antonio, TX",78263,3,3,1,0,1,0,100.0,0,0,0
732,Harlingen-Wslco-Brnsvl-Mca,"Harlingen, TX",78552,2,3,0,0,0,0,,0,0,0
733,Pahrump area,"Pahrump, NV",89061,2,3,0,0,0,0,,0,0,0
734,Ridgecrest area,"Ridgecrest, CA",93555,2,3,0,0,0,0,,0,0,0
735,Ione area,"Ione, CA",95640,2,3,0,0,0,0,,0,0,0
736,Medford-Klamath Falls,"Grants Pass, OR",97527,2,3,0,0,0,0,,0,0,0
737,Centralia area,"Centralia, WA",98531,2,3,0,0,0,0,,0,0,0
738,Dennis area,"Dennis, MA",02638,3,3,0,0,0,0,,0,0,0
739,Peru area,"Peru, ME",04239,3,3,0,0,0,0,,0,0,0
740,Rainelle area,"Rainelle, WV",24901,3,3,0,0,0,0,,0,0,0
741,Greensboro-H. Point-W. Salem,"Roaring River, NC",27055,3,3,0,0,0,0,,0,0,0
742,Vinegar Bend area,"Vinegar Bend, AL",36560,4,3,0,0,0,0,,1,1,0
743,Mcminnville area,"Mcminnville, TN",37110,3,3,0,0,0,0,,1,0,0
744,Greenville area,"Greenville, MS",38701,3,3,0,0,0,0,,0,0,0
745,Bear Branch area,"Bear Branch, KY",41339,3,3,0,0,0,0,,0,0,0
746,Sturgis area,"Sturgis, MI",46703,3,3,0,0,0,0,,0,0,0
747,Union City area,"Union City, MI",49014,3,3,0,0,0,0,,0,0,0
748,Des Moines-Ames,"Boone, IA",50036,3,3,0,0,0,0,,0,0,0
749,Cumberland area,"Cumberland, WI",54829,3,3,0,0,0,0,,0,0,0
750,Coffeyville area,"Coffeyville, KS",67332,3,3,0,0,0,0,,0,0,0
751,Mexia area,"Mexia, TX",75109,3,3,0,0,0,0,,1,0,0
752,Tenaha area,"Tenaha, TX",75633,3,3,0,0,0,0,,0,0,0
753,Vale area,"Vale, OR",83661,3,3,0,0,0,0,,0,0,0
754,Wilmington,"Oak Island, NC",28465,2,2,7,3,2,2,28.6,0,0,2
755,Montgomery,"Troy, AL",36081,2,2,3,0,2,1,66.7,0,0,0
756,Oklahoma City,"Weatherford, OK",73096,2,2,3,0,3,0,100.0,0,0,0
757,Yuma-El Centro,"El Centro, CA",92243,1,2,2,0,1,1,50.0,0,0,0
758,"Washington, Dc","Culpeper, VA",22701,1,2,1,0,0,1,0.0,1,0,0
759,Huntsville-Decatur,"Mentone, AL",35984,2,2,2,0,1,1,50.0,0,0,0
760,Marquette,"Cornell, MI",49818,2,2,2,0,2,0,100.0,0,0,0
761,Norwood area,"Norwood, MO",65717,2,2,2,0,2,0,100.0,1,0,0
762,North Platte,"North Platte, NE",69101,1,2,1,0,1,0,100.0,0,0,0
763,Denver,"Aspen, CO",81611,1,2,1,0,0,1,0.0,0,0,0
764,Yuma-El Centro,"Niland, CA",92257,1,2,1,0,1,0,100.0,1,1,0
765,Boston,"Gardner, MA",01440,2,2,1,0,0,1,0.0,0,0,0
766,Braintree area,"Braintree, MA",02184,1,2,0,0,0,0,,0,0,0
767,Concord area,"Concord, VT",05824,3,2,1,0,0,1,0.0,1,0,0
768,Syracuse,"Oneida, NY",13421,1,2,0,0,0,0,,0,0,0
769,Latrobe area,"Latrobe, PA",15650,1,2,0,0,0,0,,0,0,0
770,Sistersville area,"Sistersville, WV",26175,1,2,0,0,0,0,,0,0,0
771,Raleigh-Durham,"Henderson, NC",27537,2,2,0,0,0,0,,1,1,0
772,Tifton area,"Tifton, GA",31793,2,2,1,0,0,1,0.0,0,0,0
773,Jacksonville,"Macclenny, FL",32063,2,2,1,0,1,0,100.0,0,0,0
774,Key Largo area,"Key Largo, FL",33037,1,2,0,0,0,0,,0,0,0
775,Sylacauga area,"Sylacauga, AL",35150,1,2,0,0,0,0,,0,0,0
776,Roanoke area,"Roanoke, AL",36274,1,2,0,0,0,0,,0,0,0
777,Dothan,"Enterprise, AL",36330,1,2,0,0,0,0,,0,0,0
778,Columbus-Tupelo-West Point,"Houlka, MS",38850,2,2,1,0,0,1,0.0,0,0,0
779,Grenada area,"Grenada, MS",38901,1,2,0,0,0,0,,0,0,0
780,Columbus area,"Columbus, MS",39702,1,2,0,0,0,0,,0,0,0
781,Campbellsville area,"Campbellsville, KY",42718,1,2,0,0,0,0,,0,0,0
782,Dennison area,"Dennison, OH",44621,1,2,0,0,0,0,,0,0,0
783,Cheboygan area,"Cheboygan, MI",49721,1,2,0,0,0,0,,0,0,0
784,Marquette,"Ishpeming, MI",49849,2,2,1,0,1,0,100.0,0,0,0
785,Newton area,"Newton, IA",50208,1,2,0,0,0,0,,0,0,0
786,Clinton area,"Clinton, IA",52732,1,2,0,0,0,0,,0,0,0
787,Janesville area,"Janesville, WI",53548,1,2,0,0,0,0,,0,0,0
788,Two Rivers area,"Two Rivers, WI",54241,1,2,0,0,0,0,,0,0,0
789,Withee area,"Withee, WI",54498,1,2,0,0,0,0,,0,0,0
790,Mora area,"Mora, MN",55051,1,2,0,0,0,0,,0,0,0
791,Detroit Lakes area,"Detroit Lakes, MN",56501,1,2,0,0,0,0,,0,0,0
792,Belcourt area,"Belcourt, ND",58316,1,2,0,0,0,0,,0,0,0
793,Bethany area,"Bethany, MO",64424,2,2,1,0,0,1,0.0,0,0,0
794,"Springfield, Mo","Waynesville, MO",65583,2,2,1,0,0,1,0.0,0,0,0
795,Emporia area,"Emporia, KS",66801,1,2,0,0,0,0,,0,0,0
796,Newton area,"Newton, KS",67114,1,2,0,0,0,0,,0,0,0
797,Franklinton area,"Franklinton, LA",70438,1,2,0,0,0,0,,0,0,0
798,Arkadelphia area,"Arkadelphia, AR",71923,1,2,0,0,0,0,,0,0,0
799,Little Rock-Pine Bluff,"Amagon, AR",72005,2,2,1,0,0,1,0.0,0,0,0
800,Harrison area,"Harrison, AR",72601,1,2,0,0,0,0,,1,0,0
801,Guthrie area,"Guthrie, OK",73044,1,2,0,0,0,0,,1,0,0
802,Shepherd area,"Shepherd, TX",77371,1,2,0,0,0,0,,0,0,0
803,Corpus Christi,"Rockport, TX",78382,1,2,0,0,0,0,,0,0,0
804,Rio Grande City area,"Rio Grande City, TX",78582,1,2,0,0,0,0,,0,0,0
805,Borger area,"Borger, TX",79007,1,2,0,0,0,0,,0,0,0
806,Earth area,"Earth, TX",79031,2,2,1,0,0,1,0.0,0,0,0
807,Pampa area,"Pampa, TX",79065,1,2,0,0,0,0,,0,0,0
808,Montrose area,"Montrose, CO",81401,1,2,0,0,0,0,,0,0,0
809,Buffalo area,"Buffalo, WY",82834,1,2,0,0,0,0,,0,0,0
810,Belen area,"Belen, NM",87002,1,2,0,0,0,0,,0,0,0
811,Hobbs area,"Hobbs, NM",88240,1,2,0,0,0,0,,0,0,0
812,Lemoore area,"Lemoore, CA",93245,1,2,0,0,0,0,,0,0,0
813,Taft area,"Taft, CA",93268,1,2,0,0,0,0,,0,0,0
814,Reno,"Janesville, CA",96114,2,2,1,0,1,0,100.0,0,0,0
815,Colton area,"Colton, OR",97017,1,2,0,0,0,0,,0,0,0
816,"Portland, Or","Lebanon, OR",97355,1,2,0,0,0,0,,1,0,0
817,Pendleton area,"Pendleton, OR",97801,1,2,0,0,0,0,,0,0,0
818,La Grande area,"La Grande, OR",97850,1,2,0,0,0,0,,0,0,0
819,Longview area,"Longview, WA",98632,1,2,0,0,0,0,,0,0,0
820,Wenatchee area,"Wenatchee, WA",98801,1,2,0,0,0,0,,3,0,0
821,Moses Lake area,"Moses Lake, WA",98837,1,2,0,0,0,0,,0,0,0
822,Walla Walla area,"Walla Walla, WA",99362,1,2,0,0,0,0,,0,0,0
823,Yakutat area,"Yakutat, AK",99689,1,2,0,0,0,0,,0,0,0
824,Chilmark area,"Chilmark, MA",02535,2,2,0,0,0,0,,0,0,0
825,Casco area,"Casco, ME",04015,2,2,0,0,0,0,,0,0,0
826,Blue Hill area,"Blue Hill, ME",04605,2,2,0,0,0,0,,0,0,0
827,Mooers area,"Mooers, NY",05488,2,2,0,0,0,0,,0,0,0
828,Albany-Schenectady-Troy,"Northville, NY",12078,2,2,0,0,0,0,,1,0,0
829,Grahamsville area,"Grahamsville, NY",12740,2,2,0,0,0,0,,0,0,0
830,State College area,"State College, PA",16801,2,2,0,0,0,0,,1,0,0
831,Belle Haven area,"Belle Haven, VA",23306,2,2,0,0,0,0,,1,0,0
832,Marion area,"Marion, VA",24311,2,2,0,0,0,0,,0,0,0
833,Webster Springs area,"Webster Springs, WV",24954,2,2,0,0,0,0,,0,0,0
834,Calvin area,"Calvin, WV",26651,2,2,0,0,0,0,,0,0,0
835,Birmingham,"Phil Campbell, AL",35565,4,2,1,0,0,1,0.0,1,0,0
836,Danville area,"Danville, AL",35619,2,2,0,0,0,0,,0,0,0
837,Montgomery,"Selma, AL",36701,2,2,0,0,0,0,,0,0,0
838,Chattanooga,"Cleveland, TN",37311,2,2,0,0,0,0,,1,0,0
839,Clifton area,"Clifton, TN",38328,2,2,0,0,0,0,,0,0,0
840,Knoxville,"Crossville, TN",38571,2,2,0,0,0,0,,0,0,0
841,Collins area,"Collins, MS",39114,2,2,0,0,0,0,,0,0,0
842,Natchez area,"Natchez, MS",39120,2,2,0,0,0,0,,0,0,0
843,Lowmansville area,"Lowmansville, KY",41232,2,2,0,0,0,0,,1,0,0
844,Evansville,"Owensboro, KY",42303,2,2,0,0,0,0,,1,0,0
845,Wabash area,"Wabash, IN",46787,2,2,0,0,0,0,,0,0,0
846,Indianapolis,"Marion, IN",46952,2,2,0,0,0,0,,0,0,0
847,Batesville area,"Batesville, IN",47006,2,2,0,0,0,0,,0,0,0
848,Bridgeport area,"Bridgeport, IL",47573,2,2,0,0,0,0,,0,0,0
849,Cayuga area,"Cayuga, IN",47928,2,2,0,0,0,0,,0,0,0
850,Cass City area,"Cass City, MI",48413,2,2,0,0,0,0,,0,0,0
851,Lake Odessa area,"Lake Odessa, MI",48849,2,2,0,0,0,0,,0,0,0
852,Hillsdale area,"Hillsdale, MI",49242,2,2,0,0,0,0,,0,0,0
853,Klemme area,"Klemme, IA",50401,2,2,0,0,0,0,,1,0,0
854,Ottumwa area,"Ottumwa, IA",52501,2,2,0,0,0,0,,0,0,0
855,Burlington area,"Burlington, IA",52601,2,2,0,0,0,0,,0,0,0
856,Keokuk area,"Keokuk, IA",52632,2,2,0,0,0,0,,0,0,0
857,Ladysmith area,"Ladysmith, WI",54745,2,2,0,0,0,0,,1,1,0
858,Brownsdale area,"Brownsdale, MN",55912,2,2,0,0,0,0,,0,0,0
859,Granite Falls area,"Granite Falls, MN",56241,3,2,0,0,0,0,,1,0,0
860,Brainerd area,"Brainerd, MN",56401,2,2,0,0,0,0,,1,0,0
861,Fergus Falls area,"Fergus Falls, MN",56537,2,2,0,0,0,0,,0,0,0
862,Minneapolis-St. Paul,"Cass Lake, MN",56601,2,2,0,0,0,0,,0,0,0
863,Patoka area,"Patoka, IL",62875,2,2,0,0,0,0,,0,0,0
864,Fredericktown area,"Fredericktown, MO",63645,2,2,0,0,0,0,,0,0,0
865,Frontenac area,"Frontenac, KS",66762,2,2,0,0,0,0,,1,0,0
866,Wichita-Hutchinson Plus,"Hutchinson, KS",67460,2,2,0,0,0,0,,2,0,0
867,Norton area,"Norton, KS",67654,2,2,0,0,0,0,,0,0,0
868,Jennings area,"Jennings, LA",70546,2,2,0,0,0,0,,0,0,0
869,Dry Prong area,"Dry Prong, LA",71423,2,2,0,0,0,0,,0,0,0
870,Brinkley area,"Brinkley, AR",72021,2,2,0,0,0,0,,0,0,0
871,Pocahontas area,"Pocahontas, AR",72435,2,2,0,0,0,0,,0,0,0
872,Marlow area,"Marlow, OK",73055,2,2,0,0,0,0,,0,0,0
873,Lone Grove area,"Lone Grove, OK",73401,2,2,0,0,0,0,,0,0,0
874,Cleo Springs area,"Cleo Springs, OK",73729,2,2,0,0,0,0,,0,0,0
875,Idabel area,"Idabel, OK",74728,2,2,0,0,0,0,,0,0,0
876,Bunch area,"Bunch, OK",74931,2,2,0,0,0,0,,0,0,0
877,Tyler-Longview,"Pittsburg, TX",75455,2,2,0,0,0,0,,0,0,0
878,Beaumont-Port Arthur,"Jasper, TX",75951,2,2,0,0,0,0,,0,0,0
879,Hico area,"Hico, TX",76401,2,2,0,0,0,0,,0,0,0
880,Round Top area,"Round Top, TX",77835,2,2,0,0,0,0,,0,0,0
881,Bandera area,"Bandera, TX",78003,2,2,0,0,0,0,,0,0,0
882,Kenedy area,"Kenedy, TX",78119,2,2,0,0,0,0,,0,0,0
883,Breckenridge area,"Breckenridge, CO",80424,2,2,0,0,0,0,,0,0,0
884,Laramie area,"Laramie, WY",82070,2,2,0,0,0,0,,0,0,0
885,Green River area,"Green River, WY",82901,2,2,0,0,0,0,,0,0,0
886,Asotin area,"Asotin, WA",83501,2,2,0,0,0,0,,1,0,0
887,Globe area,"Globe, AZ",85501,2,2,0,0,0,0,,0,0,0
888,Pine area,"Pine, AZ",85541,2,2,0,0,0,0,,0,0,0
889,Las Vegas,"Fort Mohave, AZ",86426,2,2,0,0,0,0,,1,0,0
890,Arroyo Seco area,"Arroyo Seco, NM",87514,3,2,0,0,0,0,,2,1,0
891,Logandale area,"Logandale, NV",89021,2,2,0,0,0,0,,0,0,0
892,Goleta area,"Goleta, CA",93101,2,2,0,0,0,0,,0,0,0
893,Lake Isabella area,"Lake Isabella, CA",93240,2,2,0,0,0,0,,0,0,0
894,Hood River area,"Hood River, OR",97031,2,2,0,0,0,0,,0,0,0
895,North Bend area,"North Bend, OR",97420,2,2,0,0,0,0,,0,0,0
896,Boston,"Hampton, NH",03842,1,1,2,0,1,1,50.0,0,0,0
897,Philadelphia,"Pennington, NJ",08534,1,1,2,0,1,1,50.0,0,0,0
898,Atlanta,"Ellijay, GA",30536,1,1,2,0,1,1,50.0,0,0,0
899,Davenport-R. Island-Moline,"Kewanee, IL",61443,1,1,2,0,1,1,50.0,0,0,0
900,Lincoln & Hstngs-Krny,"Formoso, KS",66942,1,1,2,0,2,0,100.0,0,0,0
901,Shreveport,"Marshall, TX",75672,1,1,2,0,2,0,100.0,0,0,0
902,Spokane,"Hayden, ID",83835,1,1,2,0,2,0,100.0,0,0,0
903,Salt Lake City,"Beaver, UT",84713,1,1,2,0,1,1,50.0,0,0,0
904,Sacramnto-Stktn-Modesto,"Yolo, CA",95697,1,1,2,0,0,2,0.0,0,0,0
905,Raleigh-Durham,"Southern Pines, NC",28387,2,1,1,0,1,0,100.0,4,1,0
906,Charlotte,"Great Falls, SC",29055,2,1,2,0,1,1,50.0,0,0,0
907,Gainesville,"Inglis, FL",34449,1,1,1,0,1,0,100.0,0,0,0
908,Greenwood-Greenville,"Greenwood, MS",38930,1,1,1,0,0,1,0.0,0,0,0
909,English area,"English, IN",47118,1,1,1,0,0,1,0.0,1,0,0
910,Minot-Bismarck-Dickinson,"Watford City, ND",58854,1,1,1,0,0,1,0.0,0,0,0
911,Big Arm area,"Big Arm, MT",59910,1,1,1,0,1,0,100.0,0,0,0
912,Kansas City,"Oak Grove, MO",64075,1,1,1,0,1,0,100.0,1,1,0
913,Denver,"Alliance, NE",69301,1,1,1,0,1,0,100.0,0,0,0
914,Vivian area,"Vivian, LA",71082,2,1,1,0,0,1,0.0,1,0,0
915,Denver,"Idaho Springs, CO",80452,1,1,1,0,1,0,100.0,1,0,0
916,Spokane,"Grangeville, ID",83530,1,1,1,0,1,0,100.0,0,0,0
917,Albuquerque-Santa Fe,"Bloomfield, NM",87413,2,1,1,0,0,1,0.0,2,0,0
918,"Portland, Or","Forest Grove, OR",97116,2,1,1,0,0,1,0.0,1,0,0
919,"Portland, Or","Gates, OR",97346,1,1,1,0,1,0,100.0,0,0,0
920,Milo area,"Milo, ME",04463,1,1,0,0,0,0,,0,0,0
921,Caribou area,"Caribou, ME",04736,1,1,0,0,0,0,,0,0,0
922,Island Falls area,"Island Falls, ME",04747,1,1,0,0,0,0,,0,0,0
923,Belfast area,"Belfast, ME",04915,1,1,0,0,0,0,,0,0,0
924,Bingham area,"Bingham, ME",04920,1,1,0,0,0,0,,0,0,0
925,South Royalton area,"South Royalton, VT",05068,1,1,0,0,0,0,,0,0,0
926,Shoreham area,"Shoreham, VT",05770,1,1,0,0,0,0,,0,0,0
927,Ivoryton area,"Ivoryton, CT",06442,1,1,0,0,0,0,,0,0,0
928,Philadelphia,"Wildwood, NJ",08260,1,1,0,0,0,0,,0,0,0
929,Hoosick Falls area,"Hoosick Falls, NY",12090,1,1,0,0,0,0,,1,0,0
930,Richmondville area,"Richmondville, NY",12149,1,1,0,0,0,0,,0,0,0
931,Lyon Mountain area,"Lyon Mountain, NY",12952,1,1,0,0,0,0,,0,0,0
932,Gouverneur area,"Gouverneur, NY",13642,1,1,0,0,0,0,,0,0,0
933,Watertown,"Massena, NY",13662,1,1,0,0,0,0,,1,0,0
934,North Rose area,"North Rose, NY",14516,1,1,0,0,0,0,,0,0,0
935,Brookville area,"Brookville, PA",15825,1,1,0,0,0,0,,0,0,0
936,Erie,"Meadville, PA",16335,1,1,0,0,0,0,,0,0,0
937,Orbisonia area,"Orbisonia, PA",17243,1,1,0,0,0,0,,0,0,0
938,Orwigsburg area,"Orwigsburg, PA",17961,1,1,0,0,0,0,,0,0,0
939,Nanjemoy area,"Nanjemoy, MD",20662,1,1,0,0,0,0,,0,0,0
940,Oxford area,"Oxford, MD",21654,1,1,0,0,0,0,,0,0,0
941,Little Orleans area,"Little Orleans, MD",21766,1,1,0,0,0,0,,0,0,0
942,Lancaster area,"Lancaster, VA",22503,1,1,0,0,0,0,,0,0,0
943,Powhatan area,"Powhatan, VA",23139,1,1,0,0,0,0,,0,0,0
944,Norfolk-Portsmth-Newpt Nws,"Courtland, VA",23837,1,1,0,0,0,0,,0,0,0
945,Raleigh-Durham,"La Crosse, VA",23950,1,1,0,0,0,0,,1,1,0
946,Floyd area,"Floyd, VA",24091,1,1,0,0,0,0,,0,0,0
947,Roanoke-Lynchburg,"Lexington, VA",24450,1,1,0,0,0,0,,0,0,0
948,Hurt area,"Hurt, VA",24563,1,1,0,0,0,0,,0,0,0
949,South Boston area,"South Boston, VA",24592,1,1,0,0,0,0,,0,0,0
950,Spencer area,"Spencer, WV",25276,1,1,0,0,0,0,,0,0,0
951,Mill Creek area,"Mill Creek, WV",26280,1,1,0,0,0,0,,0,0,0
952,Capon Bridge area,"Capon Bridge, WV",26711,1,1,0,0,0,0,,0,0,0
953,Eglon area,"Eglon, WV",26716,1,1,0,0,0,0,,0,0,0
954,Aurora area,"Aurora, NC",27806,1,1,0,0,0,0,,0,0,0
955,Raleigh-Durham,"Halifax, NC",27839,1,1,0,0,0,0,,0,0,0
956,Wallace area,"Wallace, NC",28466,1,1,0,0,0,0,,0,0,0
957,Greenville-N. Bern-Washngtn,"Cove City, NC",28523,1,1,0,0,0,0,,0,0,0
958,"Columbia, Sc","Newberry, SC",29108,1,1,0,0,0,0,,1,0,0
959,"Columbia, Sc","Orangeburg, SC",29115,1,1,0,0,0,0,,1,0,0
960,Ward area,"Ward, SC",29166,1,1,0,0,0,0,,0,0,0
961,Abbeville area,"Abbeville, SC",29620,1,1,0,0,0,0,,0,0,0
962,Walhalla area,"Walhalla, SC",29691,1,1,0,0,0,0,,1,0,0
963,Swainsboro area,"Swainsboro, GA",30401,1,1,0,0,0,0,,0,0,0
964,Eatonton area,"Eatonton, GA",31024,1,1,0,0,0,0,,0,0,0
965,Homerville area,"Homerville, GA",31634,1,1,0,0,0,0,,0,0,0
966,Americus area,"Americus, GA",31709,1,1,0,0,0,0,,0,0,0
967,Richland area,"Richland, GA",31825,1,1,0,0,0,0,,0,0,0
968,Hilliard area,"Hilliard, FL",32046,1,1,0,0,0,0,,1,1,0
969,Panama City,"Carrabelle, FL",32322,1,1,0,0,0,0,,0,0,0
970,Bonifay area,"Bonifay, FL",32425,1,1,0,0,0,0,,0,0,0
971,Marianna area,"Marianna, FL",32446,1,1,0,0,0,0,,0,0,0
972,Key West area,"Key West, FL",33040,1,1,0,0,0,0,,1,0,0
973,Clewiston area,"Clewiston, FL",33440,1,1,0,0,0,0,,0,0,0
974,Ona area,"Ona, FL",33865,1,1,0,0,0,0,,0,0,0
975,Scottsboro area,"Scottsboro, AL",35769,2,1,0,0,0,0,,1,0,0
976,Centre area,"Centre, AL",35960,1,1,0,0,0,0,,0,0,0
977,Clayton area,"Clayton, AL",36016,1,1,0,0,0,0,,0,0,0
978,Montgomery,"Greenville, AL",36037,1,1,0,0,0,0,,0,0,0
979,Ashland area,"Ashland, AL",36251,1,1,0,0,0,0,,0,0,0
980,Andalusia area,"Andalusia, AL",36420,1,1,0,0,0,0,,0,0,0
981,Chattanooga,"Dunlap, TN",37327,1,1,0,0,0,0,,0,0,0
982,Monteagle area,"Monteagle, TN",37356,1,1,0,0,0,0,,0,0,0
983,Memphis,"Hickory Valley, TN",38042,1,1,0,0,0,0,,0,0,0
984,Jamestown area,"Jamestown, TN",38556,1,1,0,0,0,0,,0,0,0
985,Ripley area,"Ripley, MS",38663,1,1,0,0,0,0,,0,0,0
986,Cleveland area,"Cleveland, MS",38732,1,1,0,0,0,0,,0,0,0
987,Kosciusko area,"Kosciusko, MS",39090,1,1,0,0,0,0,,0,0,0
988,Pelahatchie area,"Pelahatchie, MS",39145,1,1,0,0,0,0,,0,0,0
989,Biloxi-Gulfport,"Lucedale, MS",39452,1,1,0,0,0,0,,0,0,0
990,Foxworth area,"Foxworth, MS",39483,1,1,0,0,0,0,,0,0,0
991,Hustonville area,"Hustonville, KY",40437,1,1,0,0,0,0,,0,0,0
992,Mayslick area,"Mayslick, KY",41055,1,1,0,0,0,0,,0,0,0
993,Marion area,"Marion, KY",42064,1,1,0,0,0,0,,0,0,0
994,Upton area,"Upton, KY",42784,1,1,0,0,0,0,,0,0,0
995,Kenton area,"Kenton, OH",43326,1,1,0,0,0,0,,0,0,0
996,Mcconnelsville area,"Mcconnelsville, OH",43756,1,1,0,0,0,0,,1,0,0
997,Willard area,"Willard, OH",44890,1,1,0,0,0,0,,0,0,0
998,Hillsboro area,"Hillsboro, OH",45133,1,1,0,0,0,0,,1,0,0
999,Paulding area,"Paulding, OH",45879,1,1,0,0,0,0,,0,0,0
1000,Spiceland area,"Spiceland, IN",47385,1,1,0,0,0,0,,0,0,0
1001,Union City area,"Union City, IN",47390,1,1,0,0,0,0,,0,0,0
1002,Dale area,"Dale, IN",47523,1,1,0,0,0,0,,0,0,0
1003,Princeton area,"Princeton, IN",47670,1,1,0,0,0,0,,0,0,0
1004,Idaville area,"Idaville, IN",47950,1,1,0,0,0,0,,0,0,0
1005,Kentland area,"Kentland, IN",47951,1,1,0,0,0,0,,1,0,0
1006,Marlette area,"Marlette, MI",48453,1,1,0,0,0,0,,0,0,0
1007,East Tawas area,"East Tawas, MI",48730,1,1,0,0,0,0,,0,0,0
1008,Stanwood area,"Stanwood, MI",49346,1,1,0,0,0,0,,0,0,0
1009,Grand Haven area,"Grand Haven, MI",49417,1,1,0,0,0,0,,0,0,0
1010,Ludington area,"Ludington, MI",49431,1,1,0,0,0,0,,0,0,0
1011,Traverse City-Cadillac,"Saint Ignace, MI",49781,1,1,0,0,0,0,,0,0,0
1012,Sault Sainte Marie area,"Sault Sainte Marie, MI",49783,1,1,0,0,0,0,,0,0,0
1013,Iron Mountain area,"Iron Mountain, MI",49801,1,1,0,0,0,0,,0,0,0
1014,Curtis area,"Curtis, MI",49820,1,1,0,0,0,0,,0,0,0
1015,Manistique area,"Manistique, MI",49854,1,1,0,0,0,0,,0,0,0
1016,Iron River area,"Iron River, MI",49935,1,1,0,0,0,0,,1,0,0
1017,Woodburn area,"Woodburn, IA",50275,1,1,0,0,0,0,,0,0,0
1018,Fort Dodge area,"Fort Dodge, IA",50501,1,1,0,0,0,0,,1,0,0
1019,Aplington area,"Aplington, IA",50604,1,1,0,0,0,0,,0,0,0
1020,Paullina area,"Paullina, IA",51046,1,1,0,0,0,0,,1,0,0
1021,Lake View area,"Lake View, IA",51450,1,1,0,0,0,0,,0,0,0
1022,Delhi area,"Delhi, IA",52223,1,1,0,0,0,0,,0,0,0
1023,Tama area,"Tama, IA",52339,1,1,0,0,0,0,,0,0,0
1024,Centerville area,"Centerville, IA",52544,1,1,0,0,0,0,,0,0,0
1025,Wayland area,"Wayland, IA",52654,1,1,0,0,0,0,,0,0,0
1026,Kohler area,"Kohler, WI",53044,1,1,0,0,0,0,,0,0,0
1027,Richland Center area,"Richland Center, WI",53581,1,1,0,0,0,0,,0,0,0
1028,Tomah area,"Tomah, WI",54660,1,1,0,0,0,0,,1,0,0
1029,Waupaca area,"Waupaca, WI",54981,1,1,0,0,0,0,,0,0,0
1030,Owatonna area,"Owatonna, MN",55060,1,1,0,0,0,0,,0,0,0
1031,Red Wing area,"Red Wing, MN",55066,1,1,0,0,0,0,,0,0,0
1032,Minneapolis-St. Paul,"Hutchinson, MN",55350,1,1,0,0,0,0,,0,0,0
1033,Sturgeon Lake area,"Sturgeon Lake, MN",55783,1,1,0,0,0,0,,0,0,0
1034,New Ulm area,"New Ulm, MN",56073,1,1,0,0,0,0,,0,0,0
1035,Sioux Falls,"Marshall, MN",56170,2,1,1,0,1,0,100.0,0,0,0
1036,Redwood Falls area,"Redwood Falls, MN",56283,1,1,0,0,0,0,,0,0,0
1037,Little Falls area,"Little Falls, MN",56345,1,1,0,0,0,0,,0,0,0
1038,Menahga area,"Menahga, MN",56464,1,1,0,0,0,0,,0,0,0
1039,Erskine area,"Erskine, MN",56535,1,1,0,0,0,0,,0,0,0
1040,Aurora area,"Aurora, SD",57002,1,1,0,0,0,0,,0,0,0
1041,Bristol area,"Bristol, SD",57219,1,1,0,0,0,0,,0,0,0
1042,Huron area,"Huron, SD",57350,1,1,0,0,0,0,,0,0,0
1043,Letcher area,"Letcher, SD",57359,1,1,0,0,0,0,,0,0,0
1044,Aberdeen area,"Aberdeen, SD",57401,1,1,0,0,0,0,,0,0,0
1045,Dickinson area,"Dickinson, ND",58601,1,1,0,0,0,0,,0,0,0
1046,Crosby area,"Crosby, ND",58730,1,1,0,0,0,0,,0,0,0
1047,Wolf Point area,"Wolf Point, MT",59201,1,1,0,0,0,0,,0,0,0
1048,Big Sky area,"Big Sky, MT",59716,1,1,0,0,0,0,,0,0,0
1049,Eureka area,"Eureka, MT",59917,1,1,0,0,0,0,,0,0,0
1050,Gilman area,"Gilman, IL",60938,1,1,0,0,0,0,,0,0,0
1051,Freeport area,"Freeport, IL",61032,1,1,0,0,0,0,,0,0,0
1052,Rochelle area,"Rochelle, IL",61068,1,1,0,0,0,0,,0,0,0
1053,Smithfield area,"Smithfield, IL",61477,1,1,0,0,0,0,,0,0,0
1054,Benson area,"Benson, IL",61516,1,1,0,0,0,0,,0,0,0
1055,Pontiac area,"Pontiac, IL",61764,1,1,0,0,0,0,,0,0,0
1056,Arthur area,"Arthur, IL",61911,1,1,0,0,0,0,,0,0,0
1057,Greenup area,"Greenup, IL",62428,1,1,0,0,0,0,,0,0,0
1058,Olney area,"Olney, IL",62450,1,1,0,0,0,0,,0,0,0
1059,Lincoln area,"Lincoln, IL",62656,1,1,0,0,0,0,,0,0,0
1060,Bland area,"Bland, MO",65014,1,1,0,0,0,0,,0,0,0
1061,Armstrong area,"Armstrong, MO",65230,1,1,0,0,0,0,,0,0,0
1062,Mexico area,"Mexico, MO",65265,2,1,0,0,0,0,,1,0,0
1063,Marshall area,"Marshall, MO",65340,1,1,0,0,0,0,,1,0,0
1064,Licking area,"Licking, MO",65542,1,1,0,0,0,0,,0,0,0
1065,Phillipsburg area,"Phillipsburg, MO",65722,1,1,0,0,0,0,,0,0,0
1066,Netawaka area,"Netawaka, KS",66516,1,1,0,0,0,0,,0,0,0
1067,Iola area,"Iola, KS",66749,1,1,0,0,0,0,,0,0,0
1068,Anthony area,"Anthony, KS",67003,1,1,0,0,0,0,,0,0,0
1069,Arkansas City area,"Arkansas City, KS",67005,1,1,0,0,0,0,,0,0,0
1070,Wichita-Hutchinson Plus,"Hutchinson, KS",67501,1,1,0,0,0,0,,0,0,0
1071,Hoisington area,"Hoisington, KS",67544,1,1,0,0,0,0,,0,0,0
1072,Dodge City area,"Dodge City, KS",67801,1,1,0,0,0,0,,0,0,0
1073,Pierceville area,"Pierceville, KS",67868,1,1,0,0,0,0,,0,0,0
1074,Fremont area,"Fremont, NE",68025,1,1,0,0,0,0,,0,0,0
1075,Beatrice area,"Beatrice, NE",68310,1,1,0,0,0,0,,0,0,0
1076,Sioux City,"Norfolk, NE",68701,1,1,0,0,0,0,,0,0,0
1077,Grand Island area,"Grand Island, NE",68803,1,1,0,0,0,0,,0,0,0
1078,Big Springs area,"Big Springs, NE",69122,1,1,0,0,0,0,,0,0,0
1079,Elsie area,"Elsie, NE",69134,1,1,0,0,0,0,,0,0,0
1080,Gering area,"Gering, NE",69341,1,1,0,0,0,0,,0,0,0
1081,Jeanerette area,"Jeanerette, LA",70544,1,1,0,0,0,0,,1,0,0
1082,Delhi area,"Delhi, LA",71232,1,1,0,0,0,0,,0,0,0
1083,Lake Providence area,"Lake Providence, LA",71254,1,1,0,0,0,0,,0,0,0
1084,Noble area,"Noble, LA",71462,1,1,0,0,0,0,,0,0,0
1085,Oakdale area,"Oakdale, LA",71463,1,1,0,0,0,0,,0,0,0
1086,Monticello area,"Monticello, AR",71655,2,1,0,0,0,0,,1,1,0
1087,Lockesburg area,"Lockesburg, AR",71846,1,1,0,0,0,0,,0,0,0
1088,Stuttgart area,"Stuttgart, AR",72160,1,1,0,0,0,0,,0,0,0
1089,Helena area,"Helena, AR",72342,1,1,0,0,0,0,,0,0,0
1090,Wynne area,"Wynne, AR",72396,1,1,0,0,0,0,,0,0,0
1091,Hardy area,"Hardy, AR",72542,2,1,0,0,0,0,,1,0,0
1092,Gravette area,"Gravette, AR",72736,1,1,0,0,0,0,,1,0,0
1093,Tishomingo area,"Tishomingo, OK",73460,1,1,0,0,0,0,,0,0,0
1094,Altus area,"Altus, OK",73521,1,1,0,0,0,0,,0,0,0
1095,Hollis area,"Hollis, OK",73550,1,1,0,0,0,0,,0,0,0
1096,Durham area,"Durham, OK",73642,1,1,0,0,0,0,,0,0,0
1097,Woodward area,"Woodward, OK",73801,1,1,0,0,0,0,,0,0,0
1098,Hominy area,"Hominy, OK",74035,1,1,0,0,0,0,,0,0,0
1099,Vinita area,"Vinita, OK",74301,1,1,0,0,0,0,,0,0,0
1100,Checotah area,"Checotah, OK",74426,1,1,0,0,0,0,,0,0,0
1101,Okmulgee area,"Okmulgee, OK",74447,1,1,0,0,0,0,,0,0,0
1102,Wilburton area,"Wilburton, OK",74578,1,1,0,0,0,0,,0,0,0
1103,Chandler area,"Chandler, OK",74834,1,1,0,0,0,0,,0,0,0
1104,Jacksonville area,"Jacksonville, TX",75766,1,1,0,0,0,0,,0,0,0
1105,Centerville area,"Centerville, TX",75833,1,1,0,0,0,0,,0,0,0
1106,Crockett area,"Crockett, TX",75835,1,1,0,0,0,0,,0,0,0
1107,Pineland area,"Pineland, TX",75968,1,1,0,0,0,0,,0,0,0
1108,Vernon area,"Vernon, TX",76384,1,1,0,0,0,0,,0,0,0
1109,Jacksboro area,"Jacksboro, TX",76458,1,1,0,0,0,0,,0,0,0
1110,Lometa area,"Lometa, TX",76853,1,1,0,0,0,0,,0,0,0
1111,Mason area,"Mason, TX",76856,1,1,0,0,0,0,,0,0,0
1112,Rowena area,"Rowena, TX",76875,1,1,0,0,0,0,,0,0,0
1113,Houston,"Palacios, TX",77465,2,1,1,0,0,1,0.0,0,0,0
1114,Sealy area,"Sealy, TX",77474,1,1,0,0,0,0,,0,0,0
1115,Hull area,"Hull, TX",77564,1,1,0,0,0,0,,0,0,0
1116,Waco-Temple-Bryan,"Bryan, TX",77802,2,1,0,0,0,0,,1,0,0
1117,Hallettsville area,"Hallettsville, TX",77964,1,1,0,0,0,0,,0,0,0
1118,Ingram area,"Ingram, TX",78025,1,1,0,0,0,0,,0,0,0
1119,Jourdanton area,"Jourdanton, TX",78026,1,1,0,0,0,0,,1,1,0
1120,Pearsall area,"Pearsall, TX",78061,1,1,0,0,0,0,,0,0,0
1121,Beeville area,"Beeville, TX",78102,1,1,0,0,0,0,,0,0,0
1122,South Padre Island area,"South Padre Island, TX",78597,1,1,0,0,0,0,,0,0,0
1123,Marble Falls area,"Marble Falls, TX",78654,2,1,0,0,0,0,,1,0,0
1124,Plainview area,"Plainview, TX",79072,1,1,0,0,0,0,,0,0,0
1125,Floydada area,"Floydada, TX",79235,1,1,0,0,0,0,,0,0,0
1126,Tahoka area,"Tahoka, TX",79373,1,1,0,0,0,0,,0,0,0
1127,Haskell area,"Haskell, TX",79521,1,1,0,0,0,0,,0,0,0
1128,Fort Stockton area,"Fort Stockton, TX",79735,1,1,0,0,0,0,,0,0,0
1129,Monahans area,"Monahans, TX",79756,1,1,0,0,0,0,,0,0,0
1130,Steamboat Springs area,"Steamboat Springs, CO",80487,1,1,0,0,0,0,,0,0,0
1131,Estes Park area,"Estes Park, CO",80517,1,1,0,0,0,0,,0,0,0
1132,Sterling area,"Sterling, CO",80751,1,1,0,0,0,0,,0,0,0
1133,Usaf Academy area,"Usaf Academy, CO",80840,1,1,0,0,0,0,,0,0,0
1134,Holly area,"Holly, CO",81047,1,1,0,0,0,0,,0,0,0
1135,Trinidad area,"Trinidad, CO",81082,1,1,0,0,0,0,,0,0,0
1136,Alamosa area,"Alamosa, CO",81101,1,1,0,0,0,0,,0,0,0
1137,Pagosa Springs area,"Pagosa Springs, CO",81147,1,1,0,0,0,0,,0,0,0
1138,Canon City area,"Canon City, CO",81212,1,1,0,0,0,0,,0,0,0
1139,Basin area,"Basin, WY",82410,1,1,0,0,0,0,,0,0,0
1140,Cody area,"Cody, WY",82414,1,1,0,0,0,0,,0,0,0
1141,Moran area,"Moran, WY",83013,1,1,0,0,0,0,,0,0,0
1142,Ashton area,"Ashton, ID",83420,1,1,0,0,0,0,,0,0,0
1143,Mountain Home area,"Mountain Home, ID",83647,1,1,0,0,0,0,,0,0,0
1144,Bonners Ferry area,"Bonners Ferry, ID",83805,1,1,0,0,0,0,,0,0,0
1145,Hope area,"Hope, ID",83836,1,1,0,0,0,0,,0,0,0
1146,Kellogg area,"Kellogg, ID",83837,1,1,0,0,0,0,,0,0,0
1147,Salt Lake City,"Moab, UT",84532,1,1,0,0,0,0,,0,0,0
1148,Richfield area,"Richfield, UT",84701,1,1,0,0,0,0,,0,0,0
1149,Safford area,"Safford, AZ",85546,1,1,0,0,0,0,,0,0,0
1150,Rio Rico area,"Rio Rico, AZ",85648,1,1,0,0,0,0,,0,0,0
1151,Tucson,"Tucson, AZ",85735,1,1,0,0,0,0,,0,0,0
1152,Concho area,"Concho, AZ",85924,1,1,0,0,0,0,,0,0,0
1153,Pinetop area,"Pinetop, AZ",85935,1,1,0,0,0,0,,0,0,0
1154,Prescott area,"Prescott, AZ",86305,1,1,0,0,0,0,,1,0,0
1155,Artesia area,"Artesia, NM",88210,1,1,0,0,0,0,,0,0,0
1156,Capitan area,"Capitan, NM",88316,1,1,0,0,0,0,,0,0,0
1157,Reno,"Fallon, NV",89406,1,1,0,0,0,0,,0,0,0
1158,Fernley area,"Fernley, NV",89408,1,1,0,0,0,0,,1,0,0
1159,Elko area,"Elko, NV",89801,1,1,0,0,0,0,,0,0,0
1160,San Pedro area,"San Pedro, CA",90731,1,1,0,0,0,0,,3,1,0
1161,Coachella area,"Coachella, CA",92236,1,1,0,0,0,0,,0,0,0
1162,Coalinga area,"Coalinga, CA",93210,1,1,0,0,0,0,,1,0,0
1163,Springville area,"Springville, CA",93265,1,1,0,0,0,0,,0,0,0
1164,Bishop area,"Bishop, CA",93514,1,1,0,0,0,0,,0,0,0
1165,Los Banos area,"Los Banos, CA",93635,1,1,0,0,0,0,,0,0,0
1166,Willow Creek area,"Willow Creek, CA",95573,1,1,0,0,0,0,,1,0,0
1167,Montgomery Creek area,"Montgomery Creek, CA",96065,1,1,0,0,0,0,,0,0,0
1168,Welches area,"Welches, OR",97067,1,1,0,0,0,0,,0,0,0
1169,Manzanita area,"Manzanita, OR",97130,1,1,0,0,0,0,,1,0,0
1170,Oakridge area,"Oakridge, OR",97463,1,1,0,0,0,0,,0,0,0
1171,Walterville area,"Walterville, OR",97489,1,1,0,0,0,0,,0,0,0
1172,Burns area,"Burns, OR",97720,1,1,0,0,0,0,,0,0,0
1173,Hermiston area,"Hermiston, OR",97838,1,1,0,0,0,0,,0,0,0
1174,Ashford area,"Ashford, WA",98304,1,1,0,0,0,0,,0,0,0
1175,Mossyrock area,"Mossyrock, WA",98564,1,1,0,0,0,0,,0,0,0
1176,Yakima area,"Yakima, WA",98902,1,1,0,0,0,0,,0,0,0
1177,Cle Elum area,"Cle Elum, WA",98922,1,1,0,0,0,0,,0,0,0
1178,Edwall area,"Edwall, WA",99008,1,1,0,0,0,0,,0,0,0
1179,Jber area,"Jber, AK",99505,1,1,0,0,0,0,,0,0,0
1180,Anchor Point area,"Anchor Point, AK",99556,1,1,0,0,0,0,,0,0,0
1181,Homer area,"Homer, AK",99603,1,1,0,0,0,0,,0,0,0
1182,Juneau,"Juneau, AK",99801,1,1,0,0,0,0,,0,0,0
1183,Greenville-N. Bern-Washngtn,"Plymouth, NC",27962,1,0,2,0,2,0,100.0,0,0,0
1184,Norfolk-Portsmth-Newpt Nws,"Kill Devil Hills, NC",27948,1,0,1,0,1,0,100.0,0,0,0
1185,Cedar Springs area,"Cedar Springs, MI",49319,1,0,1,0,0,0,0.0,0,0,0
1186,Twin Falls,"Sun Valley, ID",83353,1,0,1,0,1,0,100.0,0,0,0
1187,Palm Springs,"Aguanga, CA",92536,1,0,1,0,1,0,100.0,0,0,0
1188,Sacramnto-Stktn-Modesto,"Quincy, CA",95971,1,0,1,0,1,0,100.0,0,0,0
1189,Buckland area,"Buckland, AK",99727,1,0,1,0,1,0,100.0,0,0,0
1190,Lincoln area,"Lincoln, NH",03251,1,0,0,0,0,0,,1,0,0
1191,Millers Creek area,"Millers Creek, NC",28651,1,0,0,0,0,0,,1,0,0
1192,Vidalia area,"Vidalia, GA",30474,1,0,0,0,0,0,,1,1,0
1193,Burkesville area,"Burkesville, KY",42717,1,0,0,0,0,0,,1,0,0
1194,Sioux Center area,"Sioux Center, IA",51250,1,0,0,0,0,0,,1,0,0
1195,Spirit Lake area,"Spirit Lake, IA",51360,1,0,0,0,0,0,,1,1,0
1196,Ottertail area,"Ottertail, MN",56571,1,0,0,0,0,0,,1,0,0
1197,Madison area,"Madison, SD",57042,1,0,0,0,0,0,,1,1,0
1198,Marion area,"Marion, SD",57043,1,0,0,0,0,0,,1,0,0
1199,Carlinville area,"Carlinville, IL",62626,1,0,0,0,0,0,,1,1,0
1200,Prattsville area,"Prattsville, AR",72129,1,0,0,0,0,0,,1,1,0
1201,Port Lavaca area,"Port Lavaca, TX",77979,1,0,0,0,0,0,,1,0,0
1202,Camp Verde area,"Camp Verde, AZ",86322,1,0,0,0,0,0,,1,0,0
