rank,metro,clusters_25mi,requesters_added,requests_submitted,delivered,expired,cancelled,expiry_pct,gopher_signups,gophers_stripe_verified,working_gophers,workers_needed_at_raleigh_ratio,worker_gap
1,New York,11,849,429,40,195,194,45.5,85,20,11,40,29
2,Raleigh-Durham,12,617,1318,701,232,379,17.6,249,112,120,121,1
3,Atlanta,12,613,346,64,134,148,38.7,89,28,19,32,13
4,Philadelphia,11,564,368,21,194,153,52.7,59,13,5,34,29
5,Tampa-St. Pete,9,477,261,23,89,149,34.1,54,9,7,24,17
6,Orlando-Daytona Bch-Melbrn,8,476,270,29,99,142,36.7,53,16,7,25,18
7,"Washington, Dc",9,468,275,42,112,121,40.7,50,19,9,26,17
8,Minneapolis-St. Paul,8,425,150,0,84,66,56.0,29,7,0,14,14
9,Charlotte,8,416,575,267,182,126,31.7,67,20,30,53,23
10,Los Angeles,9,397,178,7,95,75,53.4,66,13,5,17,12
11,Denver,10,373,179,13,73,93,40.8,39,10,8,17,9
12,Chicago,7,343,98,2,39,57,39.8,39,13,2,9,7
13,Dallas-Ft. Worth,14,342,111,3,48,60,43.2,45,14,3,11,8
14,Cleveland-Akron,5,332,198,18,85,94,42.9,28,6,9,19,10
15,Phoenix,7,291,164,16,65,83,39.6,43,13,8,15,7
16,Houston,8,291,94,4,32,58,34.0,54,14,4,9,5
17,Boston,9,289,160,7,72,81,45.0,28,10,4,15,11
18,Seattle-Tacoma,7,285,138,0,63,75,45.7,37,11,0,13,13
19,Nashville,11,272,128,29,39,60,30.5,41,11,9,12,3
20,"Columbus, Oh",7,244,186,41,72,73,38.7,28,7,6,17,11
21,Greensboro-H. Point-W. Salem,7,242,325,96,108,121,33.2,44,19,25,30,5
22,Indianapolis,8,241,95,4,42,49,44.2,32,11,2,9,7
23,"Portland, Or",7,226,145,19,75,51,51.7,36,7,6,14,8
24,Greenvll-Spart-Ashevll-And,8,222,107,1,55,51,51.4,34,10,1,10,9
25,Cincinnati,5,222,112,9,46,57,41.1,18,4,4,11,7
26,Norfolk-Portsmth-Newpt Nws,7,209,131,3,60,68,45.8,20,3,3,12,9
27,Baltimore,1,204,95,0,43,52,45.3,14,2,0,9,9
28,Jacksonville,7,184,107,4,66,37,61.7,23,6,4,10,6
29,San Francisco-Oak-San Jose,7,184,90,12,31,47,34.4,30,6,6,9,3
30,Mobile-Pensacola,5,182,136,6,57,73,41.9,16,3,2,13,11
31,Birmingham,9,176,67,0,29,38,43.3,19,4,0,7,7
32,Oklahoma City,8,169,52,1,19,32,36.5,14,3,1,5,4
33,Memphis,5,163,82,2,37,43,45.1,15,7,2,8,6
34,New Orleans,5,159,58,0,26,32,44.8,21,3,0,6,6
35,St. Louis,5,158,57,0,26,31,45.6,24,6,0,6,6
36,Hartford & New Haven,3,155,79,4,35,40,44.3,10,1,2,8,6
37,Buffalo,2,154,70,1,32,37,45.7,7,1,1,7,6
38,Albany-Schenectady-Troy,5,152,36,2,14,20,38.9,36,8,2,4,2
39,Richmond-Petersburg,2,148,77,1,35,41,45.5,14,4,1,8,7
40,Detroit,3,146,37,0,12,25,32.4,19,7,0,4,4
41,Sacramnto-Stktn-Modesto,9,145,47,1,24,22,51.1,28,5,1,5,4
42,Little Rock-Pine Bluff,6,142,60,0,31,29,51.7,17,2,0,6,6
43,Kansas City,6,140,70,9,30,31,42.9,28,10,4,7,3
44,Louisville,6,138,45,2,20,23,44.4,15,5,2,5,3
45,Ft. Myers-Naples,4,135,98,20,42,36,42.9,13,4,1,9,8
46,West Palm Beach-Ft. Pierce,4,135,63,0,28,34,44.4,13,2,0,6,6
47,San Antonio,4,126,64,4,37,23,57.8,11,2,1,6,5
48,Pittsburgh,4,122,37,0,16,21,43.2,10,1,0,4,4
49,Wilkes Barre-Scranton,6,120,52,0,28,24,53.8,11,1,0,5,5
50,Miami-Ft. Lauderdale,2,119,58,0,23,35,39.7,23,8,0,6,6
51,Palm Springs,4,116,53,4,21,28,39.6,15,6,3,5,2
52,Albuquerque-Santa Fe,4,114,52,1,27,24,51.9,10,4,1,5,4
53,Savannah,6,105,37,0,9,28,24.3,5,2,0,4,4
54,Knoxville,6,104,43,1,21,21,48.8,11,1,1,4,3
55,Greenville-N. Bern-Washngtn,6,101,94,10,48,36,51.1,32,13,6,9,3
56,Dayton,3,101,61,1,31,29,50.8,17,3,1,6,5
57,Ft. Smith-Fay-Sprngdl-Rgrs,4,97,42,0,18,24,42.9,8,3,0,4,4
58,"Columbia, Sc",5,97,36,0,9,27,25.0,19,3,0,4,4
59,Myrtle Beach-Florence,4,96,106,36,35,35,33.0,50,21,6,10,4
60,Huntsville-Decatur,4,96,33,1,15,17,45.5,14,4,1,4,3
61,Austin,3,96,29,0,13,16,44.8,18,2,0,3,3
62,Las Vegas,3,96,24,1,9,14,37.5,18,3,1,3,2
63,Tulsa,3,92,77,6,48,23,62.3,13,4,2,8,6
64,Milwaukee,1,92,40,1,13,26,32.5,6,0,1,4,3
65,Roanoke-Lynchburg,6,87,21,0,8,13,38.1,5,0,0,2,2
66,San Diego,3,84,29,2,13,14,44.8,14,2,1,3,2
67,"Tri-Cities, Tn-Va",4,83,43,3,19,21,44.2,7,1,3,4,1
68,Colorado Springs-Pueblo,3,82,40,0,23,17,57.5,13,2,0,4,4
69,Chattanooga,6,80,31,1,14,16,45.2,10,4,1,3,2
70,Harrisburg-Lncstr-Leb-York,4,78,16,0,8,8,50.0,6,0,0,2,2
71,Salt Lake City,8,77,24,4,6,14,25.0,16,4,2,3,1
72,Wilmington,3,75,59,15,13,31,22.0,21,8,8,6,0
73,"Springfield, Mo",6,72,35,5,15,15,42.9,9,1,2,4,2
74,Augusta,3,70,33,11,6,16,18.2,8,2,2,4,2
75,Tyler-Longview,5,70,15,0,6,9,40.0,6,1,0,2,2
76,Youngstown,2,69,20,1,10,9,50.0,7,3,1,2,1
77,Flint-Saginaw-Bay City,3,68,36,0,23,13,63.9,7,2,0,4,4
78,Toledo,3,66,28,0,14,14,50.0,5,0,0,3,3
79,Grand Rapids-Kalmzoo-B. Crk,3,66,19,0,6,10,31.6,12,4,0,2,2
80,Wichita-Hutchinson Plus,3,65,21,0,6,15,28.6,6,0,0,2,2
81,Shreveport,4,64,29,0,13,16,44.8,6,1,0,3,3
82,Spokane,4,63,33,0,19,14,57.6,8,1,0,4,4
83,"Charleston, Sc",3,63,46,4,19,22,41.3,16,6,3,5,2
84,Tucson,3,63,25,0,16,9,64.0,10,2,0,3,3
85,Lexington,3,63,19,0,9,10,47.4,6,2,0,2,2
86,Fresno-Visalia,2,59,32,1,19,12,59.4,7,2,1,3,2
87,Baton Rouge,2,58,85,25,46,14,54.1,5,3,1,8,7
88,South Bend-Elkhart,3,58,21,2,10,9,47.6,5,3,1,2,1
89,"Rochester, Ny",1,57,68,11,27,30,39.7,4,0,1,7,6
90,"Lafayette, La",1,55,22,0,5,17,22.7,5,0,0,3,3
91,Portland-Auburn,4,55,21,0,11,10,52.4,3,0,0,2,2
92,"Columbus, Ga",2,54,28,4,8,16,28.6,7,2,2,3,1
93,Biloxi-Gulfport,3,54,21,0,10,11,47.6,7,1,0,2,2
94,Honolulu,4,54,22,0,12,10,54.5,3,0,0,3,3
95,El Paso,4,53,18,0,12,6,66.7,3,0,0,2,2
96,Syracuse,4,53,22,0,10,12,45.5,5,1,0,3,3
97,Cedar Rapids-Wtrlo-Iwc&Dub,2,52,20,0,8,12,40.0,2,0,0,2,2
98,Charleston-Huntington,5,52,19,0,7,12,36.8,8,1,0,2,2
99,Omaha,1,52,12,0,5,7,41.7,3,0,0,2,2
100,Boise,1,51,27,4,11,12,40.7,11,1,2,3,1
101,Providence-New Bedford,2,50,11,0,7,4,63.6,8,1,0,2,2
102,Macon,3,49,18,0,7,10,38.9,6,1,0,2,2
103,Madison,3,48,16,0,2,14,12.5,4,0,0,2,2
104,Green Bay-Appleton,4,46,25,6,8,11,32.0,2,0,1,3,2
105,Panama City,3,46,16,0,6,10,37.5,8,1,0,2,2
106,Columbia-Jefferson City,4,46,15,0,9,6,60.0,4,0,0,2,2
107,Springfield-Holyoke,2,46,28,1,18,9,64.3,4,1,1,3,2
108,Des Moines-Ames,2,45,24,4,9,11,37.5,6,2,1,3,2
109,Ft. Wayne,1,44,20,0,11,9,55.0,3,0,0,2,2
110,Salisbury,3,41,8,0,5,3,62.5,5,3,0,1,1
111,Paducah-Cape Girar D-Harsbg,5,40,9,0,4,5,44.4,5,1,0,1,1
112,Champaign & Sprngfld-Decatur,4,39,17,0,7,10,41.2,1,1,0,2,2
113,Evansville,3,39,4,0,2,2,50.0,2,0,0,1,1
114,Tallahassee-Thomasville,3,38,26,2,16,8,61.5,5,2,1,3,2
115,"Jackson, Ms",2,37,18,0,10,8,55.6,6,1,0,2,2
116,Gainesville,2,36,7,0,4,3,57.1,2,0,0,1,1
117,Reno,4,35,8,0,6,2,75.0,4,3,0,1,1
118,Eugene,1,34,11,1,6,4,54.5,4,0,1,2,1
119,Montgomery,4,34,8,0,4,4,50.0,2,0,0,1,1
120,Peoria-Bloomington,2,34,5,0,4,1,80.0,5,0,0,1,1
121,Waco-Temple-Bryan,3,33,6,0,3,3,50.0,3,0,0,1,1
122,Fargo-Valley City,1,32,23,0,9,14,39.1,5,1,0,3,3
123,Wheeling-Steubenville,1,30,3,0,0,3,0.0,1,0,0,1,1
124,Harrisonburg,3,30,1,0,1,0,100.0,1,0,0,1,1
125,Erie,2,29,20,0,13,7,65.0,3,0,0,2,2
126,Columbus-Tupelo-West Point,3,28,9,0,4,5,44.4,3,2,0,1,1
127,Monroe-El Dorado,2,27,9,0,5,4,55.6,1,1,0,1,1
128,"Albany, Ga",3,25,10,0,5,5,50.0,1,0,0,1,1
129,Bakersfield,1,25,9,0,3,6,33.3,2,0,0,1,1
130,Rockford,1,25,4,0,2,2,50.0,2,0,0,1,1
131,Bluefield-Beckley-Oak Hill,2,24,9,0,4,5,44.4,4,0,0,1,1
132,Medford-Klamath Falls,3,24,3,0,3,0,100.0,3,1,0,1,1
133,Joplin-Pittsburg,1,23,10,1,5,4,50.0,6,3,1,1,0
134,Lake Charles,1,23,4,0,1,3,25.0,9,2,0,1,1
135,Lincoln & Hstngs-Krny,2,21,8,0,4,4,50.0,2,0,0,1,1
136,Harlingen-Wslco-Brnsvl-Mca,2,21,16,0,7,9,43.8,3,1,0,2,2
137,Traverse City-Cadillac,4,21,5,0,1,4,20.0,1,0,0,1,1
138,Burlington-Plattsburgh,3,21,6,0,3,3,50.0,1,0,0,1,1
139,Beaumont-Port Arthur,2,21,6,0,2,4,33.3,3,2,0,1,1
140,Amarillo,2,21,1,0,0,1,0.0,3,0,0,1,1
141,Odessa-Midland,2,21,7,0,2,5,28.6,0,0,0,1,1
142,Terre Haute,1,20,4,0,0,4,0.0,1,0,0,1,1
143,Davenport-R. Island-Moline,3,20,11,1,5,5,45.5,1,1,1,2,1
144,Utica,1,20,5,0,4,1,80.0,2,0,0,1,1
145,Duluth-Superior,1,20,0,0,0,0,,1,0,0,0,0
146,"Jackson, Tn",1,19,12,0,6,6,50.0,2,1,0,2,2
147,Wichita Falls & Lawton,2,19,7,0,4,3,57.1,5,0,0,1,1
148,Hattiesburg-Laurel,1,19,1,0,1,0,100.0,2,0,0,1,1
149,"Alexandria, La",2,19,6,0,5,1,83.3,2,0,0,1,1
150,Idaho Falls-Pocatello,2,19,0,0,0,0,,0,0,0,0,0
151,Bowling Green,2,18,8,2,6,0,75.0,1,0,1,1,0
152,Sioux Falls,2,18,11,0,6,5,54.5,10,2,0,2,2
153,Minot-Bismarck-Dickinson,3,18,6,0,4,2,66.7,0,0,0,1,1
154,Rochestr-Mason City-Austin,1,18,0,0,0,0,,0,0,0,0,0
155,Anchorage,2,18,3,0,0,3,0.0,4,1,0,1,1
156,Corpus Christi,2,17,0,0,0,0,,5,3,0,0,0
157,Parkersburg,1,16,2,0,1,1,50.0,1,0,0,1,1
158,Dothan,2,16,2,0,2,0,100.0,2,1,0,1,1
159,Lubbock,1,16,0,0,0,0,,3,0,0,0,0
160,Chico-Redding,2,16,4,0,2,2,50.0,1,0,0,1,1
161,Johnstown-Altoona,2,16,2,0,1,1,50.0,0,0,0,1,1
162,Grand Junction-Montrose,1,15,2,0,0,2,0.0,1,0,0,1,1
163,Meridian,2,14,6,0,2,4,33.3,0,0,0,1,1
164,Watertown,2,14,0,0,0,0,,1,0,0,0,0
165,Missoula,2,14,4,0,2,2,50.0,1,0,0,1,1
166,Abilene-Sweetwater,1,14,7,0,3,4,42.9,1,0,0,1,1
167,Elmira area,1,14,0,0,0,0,,2,0,0,0,0
168,Stockton area,1,13,0,0,0,0,,0,0,0,0,0
169,Dublin area,1,12,0,0,0,0,,0,0,0,0,0
170,Yakima-Pasco-Rchlnd-Knnwck,2,12,9,0,5,4,55.6,1,0,0,1,1
171,Paris area,2,12,0,0,0,0,,0,0,0,0,0
172,Santabarbra-Sanmar-Sanluob,2,12,3,0,2,1,66.7,0,0,0,1,1
173,Lima,1,12,1,0,0,1,0.0,1,0,0,1,1
174,Quincy-Hannibal-Keokuk,1,12,1,0,0,1,0.0,1,0,0,1,1
175,La Crosse-Eau Claire,1,12,1,0,0,1,0.0,1,0,0,1,1
176,Jonesboro,1,11,3,0,1,2,33.3,3,1,0,1,1
177,Wausau-Rhinelander,1,11,0,0,0,0,,0,0,0,0,0
178,Clarksburg-Weston,1,11,0,0,0,0,,0,0,0,0,0
179,Saginaw area,1,11,0,0,0,0,,3,0,0,0,0
180,Binghamton,1,11,5,0,3,2,60.0,1,1,0,1,1
181,Lansing area,1,11,0,0,0,0,,2,0,0,0,0
182,Saint Joseph area,1,11,0,0,0,0,,1,0,0,0,0
183,Lorena area,1,11,0,0,0,0,,1,1,0,0,0
184,Butler area,1,10,0,0,0,0,,2,0,0,0,0
185,Cumberland area,2,10,0,0,0,0,,0,0,0,0,0
186,Mabank area,1,10,1,0,1,0,100.0,0,0,0,1,1
187,Sioux City,2,10,1,1,0,0,0.0,2,1,1,1,0
188,Bangor,1,9,0,0,0,0,,0,0,0,0,0
189,Brownsville area,1,9,0,0,0,0,,0,0,0,0,0
190,Unadilla area,1,9,0,0,0,0,,0,0,0,0,0
191,Mccomb area,1,9,0,0,0,0,,0,0,0,0,0
192,Manteno area,1,9,0,0,0,0,,0,0,0,0,0
193,Rolla area,1,9,0,0,0,0,,0,0,0,0,0
194,Batesville area,3,9,0,0,0,0,,0,0,0,0,0
195,Williston area,1,8,0,0,0,0,,0,0,0,0,0
196,Jamestown area,2,8,0,0,0,0,,2,0,0,0,0
197,Port Huron area,1,8,2,0,0,2,0.0,0,0,0,1,1
198,Casper-Riverton,1,8,1,0,1,0,100.0,2,1,0,1,1
199,Twin Falls,2,8,3,0,2,1,66.7,4,1,0,1,1
200,"Bend, Or",1,8,1,0,0,1,0.0,1,0,0,1,1
201,Fairbanks,1,8,1,0,0,1,0.0,1,0,0,1,1
202,Brunswick area,1,8,0,0,0,0,,1,1,0,0,0
203,Oconomowoc area,1,8,0,0,0,0,,0,0,0,0,0
204,Butte-Bozeman,1,7,2,0,2,0,100.0,0,0,0,1,1
205,Conneaut area,1,7,0,0,0,0,,0,0,0,0,0
206,Roswell area,1,7,0,0,0,0,,1,0,0,0,0
207,Great Falls,1,7,1,0,1,0,100.0,1,1,0,1,1
208,Denison area,1,7,1,0,0,1,0.0,0,0,0,1,1
209,Cheyenne-Scottsbluf,1,7,0,0,0,0,,0,0,0,0,0
210,Bluffton area,1,7,0,0,0,0,,0,0,0,0,0
211,Lansing,1,7,0,0,0,0,,1,0,0,0,0
212,Rock Falls area,1,7,0,0,0,0,,1,0,0,0,0
213,San Angelo,1,7,0,0,0,0,,0,0,0,0,0
214,Merced area,1,7,0,0,0,0,,0,0,0,0,0
215,Jacksonville area,2,6,0,0,0,0,,0,0,0,0,0
216,Dubuque area,1,6,0,0,0,0,,0,0,0,0,0
217,Rapid City,1,6,2,0,1,1,50.0,3,0,0,1,1
218,Topeka,1,6,2,0,1,1,50.0,1,0,0,1,1
219,Lake area,1,6,0,0,0,0,,0,0,0,0,0
220,Bainbridge area,1,6,0,0,0,0,,0,0,0,0,0
221,Schofield area,1,6,0,0,0,0,,0,0,0,0,0
222,Helena area,2,6,0,0,0,0,,1,0,0,0,0
223,Galesburg area,1,6,0,0,0,0,,2,1,0,0,0
224,Russellville area,1,6,0,0,0,0,,0,0,0,0,0
225,Sierra Vista area,1,6,0,0,0,0,,1,0,0,0,0
226,Ojai area,1,6,0,0,0,0,,1,0,0,0,0
227,Monterey-Salinas,1,6,1,0,1,0,100.0,1,0,0,1,1
228,Batavia area,1,6,0,0,0,0,,0,0,0,0,0
229,Elmira,1,6,1,0,1,0,100.0,1,1,0,1,1
230,Smethport area,1,6,0,0,0,0,,1,0,0,0,0
231,Morehead area,1,6,0,0,0,0,,0,0,0,0,0
232,Jackson area,1,6,0,0,0,0,,1,0,0,0,0
233,Athens area,1,6,0,0,0,0,,0,0,0,0,0
234,"Lafayette, In",1,6,0,0,0,0,,3,0,0,0,0
235,Bullhead City area,1,6,0,0,0,0,,1,0,0,0,0
236,Arcata area,1,6,0,0,0,0,,2,0,0,0,0
237,Okeechobee area,1,5,0,0,0,0,,0,0,0,0,0
238,El Dorado area,1,5,0,0,0,0,,0,0,0,0,0
239,Willits area,1,5,1,0,1,0,100.0,1,0,0,1,1
240,Oil City area,1,5,0,0,0,0,,0,0,0,0,0
241,Mankato area,1,5,0,0,0,0,,0,0,0,0,0
242,Kelseyville area,1,5,0,0,0,0,,0,0,0,0,0
243,Port Angeles area,1,5,0,0,0,0,,1,0,0,0,0
244,Corbin area,1,5,1,0,1,0,100.0,1,0,0,1,1
245,Spencer area,2,5,0,0,0,0,,0,0,0,0,0
246,Billings,1,5,2,0,1,1,50.0,1,1,0,1,1
247,Topeka area,1,5,0,0,0,0,,1,0,0,0,0
248,Gallipolis Ferry area,1,5,0,0,0,0,,1,0,0,0,0
249,Yuma-El Centro,2,4,3,0,2,1,66.7,1,1,0,1,1
250,Kailua Kona area,1,4,0,0,0,0,,1,0,0,0,0
251,Edgewater area,1,4,0,0,0,0,,0,0,0,0,0
252,Marquette,2,4,3,0,3,0,100.0,0,0,0,1,1
253,Rhinelander area,1,4,0,0,0,0,,0,0,0,0,0
254,Stigler area,1,4,0,0,0,0,,0,0,0,0,0
255,Laredo,1,4,1,0,0,1,0.0,2,1,0,1,1
256,Durango area,1,4,0,0,0,0,,0,0,0,0,0
257,Redding area,1,4,0,0,0,0,,0,0,0,0,0
258,Roseburg area,1,4,0,0,0,0,,0,0,0,0,0
259,Sequim area,1,4,0,0,0,0,,3,2,0,0,0
260,South Thomaston area,1,4,0,0,0,0,,2,2,0,0,0
261,Mount Morris area,1,4,0,0,0,0,,0,0,0,0,0
262,Farmville area,1,4,0,0,0,0,,0,0,0,0,0
263,Thomasville area,1,4,0,0,0,0,,0,0,0,0,0
264,Fountain area,1,4,0,0,0,0,,0,0,0,0,0
265,Martin area,1,4,0,0,0,0,,1,0,0,0,0
266,Adamsville area,1,4,0,0,0,0,,0,0,0,0,0
267,Cambridge area,1,4,0,0,0,0,,0,0,0,0,0
268,Newton area,2,4,0,0,0,0,,0,0,0,0,0
269,Hibbing area,1,4,0,0,0,0,,0,0,0,0,0
270,Grand Forks area,1,4,0,0,0,0,,1,0,0,0,0
271,Mineral Wells area,1,4,0,0,0,0,,0,0,0,0,0
272,Yuma area,1,4,0,0,0,0,,0,0,0,0,0
273,Big Sandy area,1,4,0,0,0,0,,0,0,0,0,0
274,La Follette area,1,4,0,0,0,0,,0,0,0,0,0
275,Union City area,2,4,0,0,0,0,,0,0,0,0,0
276,Alger area,1,4,0,0,0,0,,0,0,0,0,0
277,Grapeland area,1,4,0,0,0,0,,0,0,0,0,0
278,Victoria,1,4,0,0,0,0,,1,0,0,0,0
279,Eunice area,1,3,1,0,1,0,100.0,0,0,0,1,1
280,Winona area,1,3,0,0,0,0,,0,0,0,0,0
281,Alexandria area,1,3,0,0,0,0,,0,0,0,0,0
282,West Plains area,1,3,0,0,0,0,,1,0,0,0,0
283,Natchitoches area,1,3,0,0,0,0,,0,0,0,0,0
284,Camden area,1,3,0,0,0,0,,0,0,0,0,0
285,Blytheville area,1,3,0,0,0,0,,0,0,0,0,0
286,Bartlesville area,1,3,0,0,0,0,,0,0,0,0,0
287,Ada area,1,3,0,0,0,0,,0,0,0,0,0
288,Eastland area,1,3,0,0,0,0,,0,0,0,0,0
289,El Campo area,1,3,1,0,1,0,100.0,0,0,0,1,1
290,Flagstaff area,1,3,0,0,0,0,,2,0,0,0,0
291,Carlsbad area,1,3,0,0,0,0,,0,0,0,0,0
292,Barstow area,1,3,0,0,0,0,,0,0,0,0,0
293,Greenfield area,1,3,0,0,0,0,,0,0,0,0,0
294,Rutland area,1,3,0,0,0,0,,2,0,0,0,0
295,Ahoskie area,1,3,0,0,0,0,,1,0,0,0,0
296,Mullins area,1,3,1,0,1,0,100.0,0,0,0,1,1
297,Laurel area,1,3,0,0,0,0,,0,0,0,0,0
298,Brookhaven area,1,3,0,0,0,0,,0,0,0,0,0
299,Falls Of Rough area,1,3,0,0,0,0,,0,0,0,0,0
300,Greencastle area,1,3,0,0,0,0,,0,0,0,0,0
301,Mio area,1,3,0,0,0,0,,0,0,0,0,0
302,Baldwin area,1,3,0,0,0,0,,0,0,0,0,0
303,Racine area,1,3,1,0,1,0,100.0,0,0,0,1,1
304,La Crosse area,1,3,0,0,0,0,,0,0,0,0,0
305,Grand Rapids area,1,3,0,0,0,0,,0,0,0,0,0
306,Belle Plaine area,1,3,0,0,0,0,,0,0,0,0,0
307,Belgrade area,1,3,0,0,0,0,,0,0,0,0,0
308,Colchester area,1,3,0,0,0,0,,0,0,0,0,0
309,Du Quoin area,1,3,0,0,0,0,,0,0,0,0,0
310,Warsaw area,1,3,0,0,0,0,,0,0,0,0,0
311,Tekamah area,1,3,1,0,1,0,100.0,0,0,0,1,1
312,Morgan City area,1,3,0,0,0,0,,0,0,0,0,0
313,Magnolia area,1,3,0,0,0,0,,0,0,0,0,0
314,Heber Springs area,1,3,0,0,0,0,,0,0,0,0,0
315,Pauls Valley area,1,3,0,0,0,0,,1,0,0,0,0
316,Brownwood area,1,3,0,0,0,0,,1,0,0,0,0
317,Pahrump area,1,3,0,0,0,0,,0,0,0,0,0
318,Ridgecrest area,1,3,0,0,0,0,,0,0,0,0,0
319,Ione area,1,3,0,0,0,0,,0,0,0,0,0
320,Centralia area,1,3,0,0,0,0,,0,0,0,0,0
321,Dennis area,1,3,0,0,0,0,,0,0,0,0,0
322,Peru area,1,3,0,0,0,0,,0,0,0,0,0
323,Marion area,3,3,0,0,0,0,,1,0,0,0,0
324,Rainelle area,1,3,0,0,0,0,,0,0,0,0,0
325,Vinegar Bend area,1,3,0,0,0,0,,1,1,0,0,0
326,Mcminnville area,1,3,0,0,0,0,,1,0,0,0,0
327,Greenville area,1,3,0,0,0,0,,0,0,0,0,0
328,Bear Branch area,1,3,0,0,0,0,,0,0,0,0,0
329,Sturgis area,1,3,0,0,0,0,,0,0,0,0,0
330,Coffeyville area,1,3,0,0,0,0,,0,0,0,0,0
331,Mexia area,1,3,0,0,0,0,,1,0,0,0,0
332,Tenaha area,1,3,0,0,0,0,,0,0,0,0,0
333,Vale area,1,3,0,0,0,0,,0,0,0,0,0
334,Norwood area,1,2,2,0,2,0,100.0,1,0,0,1,1
335,North Platte,1,2,1,0,1,0,100.0,0,0,0,1,1
336,Braintree area,1,2,0,0,0,0,,0,0,0,0,0
337,Concord area,1,2,1,0,0,1,0.0,1,0,0,1,1
338,Latrobe area,1,2,0,0,0,0,,0,0,0,0,0
339,Sistersville area,1,2,0,0,0,0,,0,0,0,0,0
340,Tifton area,1,2,1,0,0,1,0.0,0,0,0,1,1
341,Key Largo area,1,2,0,0,0,0,,0,0,0,0,0
342,Sylacauga area,1,2,0,0,0,0,,0,0,0,0,0
343,Roanoke area,1,2,0,0,0,0,,0,0,0,0,0
344,Grenada area,1,2,0,0,0,0,,0,0,0,0,0
345,Columbus area,1,2,0,0,0,0,,0,0,0,0,0
346,Campbellsville area,1,2,0,0,0,0,,0,0,0,0,0
347,Dennison area,1,2,0,0,0,0,,0,0,0,0,0
348,Cheboygan area,1,2,0,0,0,0,,0,0,0,0,0
349,Clinton area,1,2,0,0,0,0,,0,0,0,0,0
350,Janesville area,1,2,0,0,0,0,,0,0,0,0,0
351,Two Rivers area,1,2,0,0,0,0,,0,0,0,0,0
352,Withee area,1,2,0,0,0,0,,0,0,0,0,0
353,Mora area,1,2,0,0,0,0,,0,0,0,0,0
354,Detroit Lakes area,1,2,0,0,0,0,,0,0,0,0,0
355,Belcourt area,1,2,0,0,0,0,,0,0,0,0,0
356,Bethany area,1,2,1,0,0,1,0.0,0,0,0,1,1
357,Emporia area,1,2,0,0,0,0,,0,0,0,0,0
358,Franklinton area,1,2,0,0,0,0,,0,0,0,0,0
359,Arkadelphia area,1,2,0,0,0,0,,0,0,0,0,0
360,Harrison area,1,2,0,0,0,0,,1,0,0,0,0
361,Guthrie area,1,2,0,0,0,0,,1,0,0,0,0
362,Shepherd area,1,2,0,0,0,0,,0,0,0,0,0
363,Rio Grande City area,1,2,0,0,0,0,,0,0,0,0,0
364,Borger area,1,2,0,0,0,0,,0,0,0,0,0
365,Earth area,1,2,1,0,0,1,0.0,0,0,0,1,1
366,Pampa area,1,2,0,0,0,0,,0,0,0,0,0
367,Montrose area,1,2,0,0,0,0,,0,0,0,0,0
368,Buffalo area,1,2,0,0,0,0,,0,0,0,0,0
369,Belen area,1,2,0,0,0,0,,0,0,0,0,0
370,Hobbs area,1,2,0,0,0,0,,0,0,0,0,0
371,Lemoore area,1,2,0,0,0,0,,0,0,0,0,0
372,Taft area,1,2,0,0,0,0,,0,0,0,0,0
373,Colton area,1,2,0,0,0,0,,0,0,0,0,0
374,Pendleton area,1,2,0,0,0,0,,0,0,0,0,0
375,La Grande area,1,2,0,0,0,0,,0,0,0,0,0
376,Longview area,1,2,0,0,0,0,,0,0,0,0,0
377,Wenatchee area,1,2,0,0,0,0,,3,0,0,0,0
378,Moses Lake area,1,2,0,0,0,0,,0,0,0,0,0
379,Walla Walla area,1,2,0,0,0,0,,0,0,0,0,0
380,Yakutat area,1,2,0,0,0,0,,0,0,0,0,0
381,Chilmark area,1,2,0,0,0,0,,0,0,0,0,0
382,Casco area,1,2,0,0,0,0,,0,0,0,0,0
383,Blue Hill area,1,2,0,0,0,0,,0,0,0,0,0
384,Mooers area,1,2,0,0,0,0,,0,0,0,0,0
385,Grahamsville area,1,2,0,0,0,0,,0,0,0,0,0
386,State College area,1,2,0,0,0,0,,1,0,0,0,0
387,Belle Haven area,1,2,0,0,0,0,,1,0,0,0,0
388,Webster Springs area,1,2,0,0,0,0,,0,0,0,0,0
389,Calvin area,1,2,0,0,0,0,,0,0,0,0,0
390,Aurora area,2,2,0,0,0,0,,0,0,0,0,0
391,Danville area,1,2,0,0,0,0,,0,0,0,0,0
392,Clifton area,1,2,0,0,0,0,,0,0,0,0,0
393,Collins area,1,2,0,0,0,0,,0,0,0,0,0
394,Natchez area,1,2,0,0,0,0,,0,0,0,0,0
395,Lowmansville area,1,2,0,0,0,0,,1,0,0,0,0
396,Wabash area,1,2,0,0,0,0,,0,0,0,0,0
397,Bridgeport area,1,2,0,0,0,0,,0,0,0,0,0
398,Cayuga area,1,2,0,0,0,0,,0,0,0,0,0
399,Cass City area,1,2,0,0,0,0,,0,0,0,0,0
400,Lake Odessa area,1,2,0,0,0,0,,0,0,0,0,0
401,Hillsdale area,1,2,0,0,0,0,,0,0,0,0,0
402,Klemme area,1,2,0,0,0,0,,1,0,0,0,0
403,Delhi area,2,2,0,0,0,0,,0,0,0,0,0
404,Ottumwa area,1,2,0,0,0,0,,0,0,0,0,0
405,Centerville area,2,2,0,0,0,0,,0,0,0,0,0
406,Burlington area,1,2,0,0,0,0,,0,0,0,0,0
407,Keokuk area,1,2,0,0,0,0,,0,0,0,0,0
408,Ladysmith area,1,2,0,0,0,0,,1,1,0,0,0
409,Brownsdale area,1,2,0,0,0,0,,0,0,0,0,0
410,Granite Falls area,1,2,0,0,0,0,,1,0,0,0,0
411,Brainerd area,1,2,0,0,0,0,,1,0,0,0,0
412,Fergus Falls area,1,2,0,0,0,0,,0,0,0,0,0
413,Patoka area,1,2,0,0,0,0,,0,0,0,0,0
414,Fredericktown area,1,2,0,0,0,0,,0,0,0,0,0
415,Frontenac area,1,2,0,0,0,0,,1,0,0,0,0
416,Norton area,1,2,0,0,0,0,,0,0,0,0,0
417,Jennings area,1,2,0,0,0,0,,0,0,0,0,0
418,Dry Prong area,1,2,0,0,0,0,,0,0,0,0,0
419,Brinkley area,1,2,0,0,0,0,,0,0,0,0,0
420,Pocahontas area,1,2,0,0,0,0,,0,0,0,0,0
421,Marlow area,1,2,0,0,0,0,,0,0,0,0,0
422,Lone Grove area,1,2,0,0,0,0,,0,0,0,0,0
423,Cleo Springs area,1,2,0,0,0,0,,0,0,0,0,0
424,Idabel area,1,2,0,0,0,0,,0,0,0,0,0
425,Bunch area,1,2,0,0,0,0,,0,0,0,0,0
426,Hico area,1,2,0,0,0,0,,0,0,0,0,0
427,Round Top area,1,2,0,0,0,0,,0,0,0,0,0
428,Bandera area,1,2,0,0,0,0,,0,0,0,0,0
429,Kenedy area,1,2,0,0,0,0,,0,0,0,0,0
430,Breckenridge area,1,2,0,0,0,0,,0,0,0,0,0
431,Laramie area,1,2,0,0,0,0,,0,0,0,0,0
432,Green River area,1,2,0,0,0,0,,0,0,0,0,0
433,Asotin area,1,2,0,0,0,0,,1,0,0,0,0
434,Globe area,1,2,0,0,0,0,,0,0,0,0,0
435,Pine area,1,2,0,0,0,0,,0,0,0,0,0
436,Arroyo Seco area,1,2,0,0,0,0,,2,1,0,0,0
437,Logandale area,1,2,0,0,0,0,,0,0,0,0,0
438,Goleta area,1,2,0,0,0,0,,0,0,0,0,0
439,Lake Isabella area,1,2,0,0,0,0,,0,0,0,0,0
440,Hood River area,1,2,0,0,0,0,,0,0,0,0,0
441,North Bend area,1,2,0,0,0,0,,0,0,0,0,0
442,Greenwood-Greenville,1,1,1,0,0,1,0.0,0,0,0,1,1
443,English area,1,1,1,0,0,1,0.0,1,0,0,1,1
444,Big Arm area,1,1,1,0,1,0,100.0,0,0,0,1,1
445,Vivian area,1,1,1,0,0,1,0.0,1,0,0,1,1
446,Milo area,1,1,0,0,0,0,,0,0,0,0,0
447,Caribou area,1,1,0,0,0,0,,0,0,0,0,0
448,Island Falls area,1,1,0,0,0,0,,0,0,0,0,0
449,Belfast area,1,1,0,0,0,0,,0,0,0,0,0
450,Bingham area,1,1,0,0,0,0,,0,0,0,0,0
451,South Royalton area,1,1,0,0,0,0,,0,0,0,0,0
452,Shoreham area,1,1,0,0,0,0,,0,0,0,0,0
453,Ivoryton area,1,1,0,0,0,0,,0,0,0,0,0
454,Hoosick Falls area,1,1,0,0,0,0,,1,0,0,0,0
455,Richmondville area,1,1,0,0,0,0,,0,0,0,0,0
456,Lyon Mountain area,1,1,0,0,0,0,,0,0,0,0,0
457,Gouverneur area,1,1,0,0,0,0,,0,0,0,0,0
458,North Rose area,1,1,0,0,0,0,,0,0,0,0,0
459,Brookville area,1,1,0,0,0,0,,0,0,0,0,0
460,Orbisonia area,1,1,0,0,0,0,,0,0,0,0,0
461,Orwigsburg area,1,1,0,0,0,0,,0,0,0,0,0
462,Nanjemoy area,1,1,0,0,0,0,,0,0,0,0,0
463,Oxford area,1,1,0,0,0,0,,0,0,0,0,0
464,Little Orleans area,1,1,0,0,0,0,,0,0,0,0,0
465,Lancaster area,1,1,0,0,0,0,,0,0,0,0,0
466,Powhatan area,1,1,0,0,0,0,,0,0,0,0,0
467,Floyd area,1,1,0,0,0,0,,0,0,0,0,0
468,Hurt area,1,1,0,0,0,0,,0,0,0,0,0
469,South Boston area,1,1,0,0,0,0,,0,0,0,0,0
470,Mill Creek area,1,1,0,0,0,0,,0,0,0,0,0
471,Capon Bridge area,1,1,0,0,0,0,,0,0,0,0,0
472,Eglon area,1,1,0,0,0,0,,0,0,0,0,0
473,Wallace area,1,1,0,0,0,0,,0,0,0,0,0
474,Ward area,1,1,0,0,0,0,,0,0,0,0,0
475,Abbeville area,1,1,0,0,0,0,,0,0,0,0,0
476,Walhalla area,1,1,0,0,0,0,,1,0,0,0,0
477,Swainsboro area,1,1,0,0,0,0,,0,0,0,0,0
478,Eatonton area,1,1,0,0,0,0,,0,0,0,0,0
479,Homerville area,1,1,0,0,0,0,,0,0,0,0,0
480,Americus area,1,1,0,0,0,0,,0,0,0,0,0
481,Richland area,1,1,0,0,0,0,,0,0,0,0,0
482,Hilliard area,1,1,0,0,0,0,,1,1,0,0,0
483,Bonifay area,1,1,0,0,0,0,,0,0,0,0,0
484,Marianna area,1,1,0,0,0,0,,0,0,0,0,0
485,Key West area,1,1,0,0,0,0,,1,0,0,0,0
486,Clewiston area,1,1,0,0,0,0,,0,0,0,0,0
487,Ona area,1,1,0,0,0,0,,0,0,0,0,0
488,Scottsboro area,1,1,0,0,0,0,,1,0,0,0,0
489,Centre area,1,1,0,0,0,0,,0,0,0,0,0
490,Clayton area,1,1,0,0,0,0,,0,0,0,0,0
491,Ashland area,1,1,0,0,0,0,,0,0,0,0,0
492,Andalusia area,1,1,0,0,0,0,,0,0,0,0,0
493,Monteagle area,1,1,0,0,0,0,,0,0,0,0,0
494,Ripley area,1,1,0,0,0,0,,0,0,0,0,0
495,Cleveland area,1,1,0,0,0,0,,0,0,0,0,0
496,Kosciusko area,1,1,0,0,0,0,,0,0,0,0,0
497,Pelahatchie area,1,1,0,0,0,0,,0,0,0,0,0
498,Foxworth area,1,1,0,0,0,0,,0,0,0,0,0
499,Hustonville area,1,1,0,0,0,0,,0,0,0,0,0
500,Mayslick area,1,1,0,0,0,0,,0,0,0,0,0
501,Upton area,1,1,0,0,0,0,,0,0,0,0,0
502,Kenton area,1,1,0,0,0,0,,0,0,0,0,0
503,Mcconnelsville area,1,1,0,0,0,0,,1,0,0,0,0
504,Willard area,1,1,0,0,0,0,,0,0,0,0,0
505,Hillsboro area,1,1,0,0,0,0,,1,0,0,0,0
506,Paulding area,1,1,0,0,0,0,,0,0,0,0,0
507,Spiceland area,1,1,0,0,0,0,,0,0,0,0,0
508,Dale area,1,1,0,0,0,0,,0,0,0,0,0
509,Princeton area,1,1,0,0,0,0,,0,0,0,0,0
510,Idaville area,1,1,0,0,0,0,,0,0,0,0,0
511,Kentland area,1,1,0,0,0,0,,1,0,0,0,0
512,Marlette area,1,1,0,0,0,0,,0,0,0,0,0
513,East Tawas area,1,1,0,0,0,0,,0,0,0,0,0
514,Stanwood area,1,1,0,0,0,0,,0,0,0,0,0
515,Grand Haven area,1,1,0,0,0,0,,0,0,0,0,0
516,Ludington area,1,1,0,0,0,0,,0,0,0,0,0
517,Sault Sainte Marie area,1,1,0,0,0,0,,0,0,0,0,0
518,Iron Mountain area,1,1,0,0,0,0,,0,0,0,0,0
519,Curtis area,1,1,0,0,0,0,,0,0,0,0,0
520,Manistique area,1,1,0,0,0,0,,0,0,0,0,0
521,Iron River area,1,1,0,0,0,0,,1,0,0,0,0
522,Woodburn area,1,1,0,0,0,0,,0,0,0,0,0
523,Fort Dodge area,1,1,0,0,0,0,,1,0,0,0,0
524,Aplington area,1,1,0,0,0,0,,0,0,0,0,0
525,Paullina area,1,1,0,0,0,0,,1,0,0,0,0
526,Lake View area,1,1,0,0,0,0,,0,0,0,0,0
527,Tama area,1,1,0,0,0,0,,0,0,0,0,0
528,Wayland area,1,1,0,0,0,0,,0,0,0,0,0
529,Kohler area,1,1,0,0,0,0,,0,0,0,0,0
530,Richland Center area,1,1,0,0,0,0,,0,0,0,0,0
531,Tomah area,1,1,0,0,0,0,,1,0,0,0,0
532,Waupaca area,1,1,0,0,0,0,,0,0,0,0,0
533,Owatonna area,1,1,0,0,0,0,,0,0,0,0,0
534,Red Wing area,1,1,0,0,0,0,,0,0,0,0,0
535,Sturgeon Lake area,1,1,0,0,0,0,,0,0,0,0,0
536,New Ulm area,1,1,0,0,0,0,,0,0,0,0,0
537,Redwood Falls area,1,1,0,0,0,0,,0,0,0,0,0
538,Little Falls area,1,1,0,0,0,0,,0,0,0,0,0
539,Menahga area,1,1,0,0,0,0,,0,0,0,0,0
540,Erskine area,1,1,0,0,0,0,,0,0,0,0,0
541,Bristol area,1,1,0,0,0,0,,0,0,0,0,0
542,Huron area,1,1,0,0,0,0,,0,0,0,0,0
543,Letcher area,1,1,0,0,0,0,,0,0,0,0,0
544,Aberdeen area,1,1,0,0,0,0,,0,0,0,0,0
545,Dickinson area,1,1,0,0,0,0,,0,0,0,0,0
546,Crosby area,1,1,0,0,0,0,,0,0,0,0,0
547,Wolf Point area,1,1,0,0,0,0,,0,0,0,0,0
548,Big Sky area,1,1,0,0,0,0,,0,0,0,0,0
549,Eureka area,1,1,0,0,0,0,,0,0,0,0,0
550,Gilman area,1,1,0,0,0,0,,0,0,0,0,0
551,Freeport area,1,1,0,0,0,0,,0,0,0,0,0
552,Rochelle area,1,1,0,0,0,0,,0,0,0,0,0
553,Smithfield area,1,1,0,0,0,0,,0,0,0,0,0
554,Benson area,1,1,0,0,0,0,,0,0,0,0,0
555,Pontiac area,1,1,0,0,0,0,,0,0,0,0,0
556,Arthur area,1,1,0,0,0,0,,0,0,0,0,0
557,Greenup area,1,1,0,0,0,0,,0,0,0,0,0
558,Olney area,1,1,0,0,0,0,,0,0,0,0,0
559,Lincoln area,2,1,0,0,0,0,,1,0,0,0,0
560,Bland area,1,1,0,0,0,0,,0,0,0,0,0
561,Armstrong area,1,1,0,0,0,0,,0,0,0,0,0
562,Mexico area,1,1,0,0,0,0,,1,0,0,0,0
563,Marshall area,1,1,0,0,0,0,,1,0,0,0,0
564,Licking area,1,1,0,0,0,0,,0,0,0,0,0
565,Phillipsburg area,1,1,0,0,0,0,,0,0,0,0,0
566,Netawaka area,1,1,0,0,0,0,,0,0,0,0,0
567,Iola area,1,1,0,0,0,0,,0,0,0,0,0
568,Anthony area,1,1,0,0,0,0,,0,0,0,0,0
569,Arkansas City area,1,1,0,0,0,0,,0,0,0,0,0
570,Hoisington area,1,1,0,0,0,0,,0,0,0,0,0
571,Dodge City area,1,1,0,0,0,0,,0,0,0,0,0
572,Pierceville area,1,1,0,0,0,0,,0,0,0,0,0
573,Fremont area,1,1,0,0,0,0,,0,0,0,0,0
574,Beatrice area,1,1,0,0,0,0,,0,0,0,0,0
575,Grand Island area,1,1,0,0,0,0,,0,0,0,0,0
576,Big Springs area,1,1,0,0,0,0,,0,0,0,0,0
577,Elsie area,1,1,0,0,0,0,,0,0,0,0,0
578,Gering area,1,1,0,0,0,0,,0,0,0,0,0
579,Jeanerette area,1,1,0,0,0,0,,1,0,0,0,0
580,Lake Providence area,1,1,0,0,0,0,,0,0,0,0,0
581,Noble area,1,1,0,0,0,0,,0,0,0,0,0
582,Oakdale area,1,1,0,0,0,0,,0,0,0,0,0
583,Monticello area,1,1,0,0,0,0,,1,1,0,0,0
584,Lockesburg area,1,1,0,0,0,0,,0,0,0,0,0
585,Stuttgart area,1,1,0,0,0,0,,0,0,0,0,0
586,Wynne area,1,1,0,0,0,0,,0,0,0,0,0
587,Hardy area,1,1,0,0,0,0,,1,0,0,0,0
588,Gravette area,1,1,0,0,0,0,,1,0,0,0,0
589,Tishomingo area,1,1,0,0,0,0,,0,0,0,0,0
590,Altus area,1,1,0,0,0,0,,0,0,0,0,0
591,Hollis area,1,1,0,0,0,0,,0,0,0,0,0
592,Durham area,1,1,0,0,0,0,,0,0,0,0,0
593,Woodward area,1,1,0,0,0,0,,0,0,0,0,0
594,Hominy area,1,1,0,0,0,0,,0,0,0,0,0
595,Vinita area,1,1,0,0,0,0,,0,0,0,0,0
596,Checotah area,1,1,0,0,0,0,,0,0,0,0,0
597,Okmulgee area,1,1,0,0,0,0,,0,0,0,0,0
598,Wilburton area,1,1,0,0,0,0,,0,0,0,0,0
599,Chandler area,1,1,0,0,0,0,,0,0,0,0,0
600,Crockett area,1,1,0,0,0,0,,0,0,0,0,0
601,Pineland area,1,1,0,0,0,0,,0,0,0,0,0
602,Vernon area,1,1,0,0,0,0,,0,0,0,0,0
603,Jacksboro area,1,1,0,0,0,0,,0,0,0,0,0
604,Lometa area,1,1,0,0,0,0,,0,0,0,0,0
605,Mason area,1,1,0,0,0,0,,0,0,0,0,0
606,Rowena area,1,1,0,0,0,0,,0,0,0,0,0
607,Sealy area,1,1,0,0,0,0,,0,0,0,0,0
608,Hull area,1,1,0,0,0,0,,0,0,0,0,0
609,Hallettsville area,1,1,0,0,0,0,,0,0,0,0,0
610,Ingram area,1,1,0,0,0,0,,0,0,0,0,0
611,Jourdanton area,1,1,0,0,0,0,,1,1,0,0,0
612,Pearsall area,1,1,0,0,0,0,,0,0,0,0,0
613,Beeville area,1,1,0,0,0,0,,0,0,0,0,0
614,South Padre Island area,1,1,0,0,0,0,,0,0,0,0,0
615,Marble Falls area,1,1,0,0,0,0,,1,0,0,0,0
616,Plainview area,1,1,0,0,0,0,,0,0,0,0,0
617,Floydada area,1,1,0,0,0,0,,0,0,0,0,0
618,Tahoka area,1,1,0,0,0,0,,0,0,0,0,0
619,Haskell area,1,1,0,0,0,0,,0,0,0,0,0
620,Fort Stockton area,1,1,0,0,0,0,,0,0,0,0,0
621,Monahans area,1,1,0,0,0,0,,0,0,0,0,0
622,Steamboat Springs area,1,1,0,0,0,0,,0,0,0,0,0
623,Estes Park area,1,1,0,0,0,0,,0,0,0,0,0
624,Sterling area,1,1,0,0,0,0,,0,0,0,0,0
625,Usaf Academy area,1,1,0,0,0,0,,0,0,0,0,0
626,Holly area,1,1,0,0,0,0,,0,0,0,0,0
627,Trinidad area,1,1,0,0,0,0,,0,0,0,0,0
628,Alamosa area,1,1,0,0,0,0,,0,0,0,0,0
629,Pagosa Springs area,1,1,0,0,0,0,,0,0,0,0,0
630,Canon City area,1,1,0,0,0,0,,0,0,0,0,0
631,Basin area,1,1,0,0,0,0,,0,0,0,0,0
632,Cody area,1,1,0,0,0,0,,0,0,0,0,0
633,Moran area,1,1,0,0,0,0,,0,0,0,0,0
634,Ashton area,1,1,0,0,0,0,,0,0,0,0,0
635,Mountain Home area,1,1,0,0,0,0,,0,0,0,0,0
636,Bonners Ferry area,1,1,0,0,0,0,,0,0,0,0,0
637,Hope area,1,1,0,0,0,0,,0,0,0,0,0
638,Kellogg area,1,1,0,0,0,0,,0,0,0,0,0
639,Richfield area,1,1,0,0,0,0,,0,0,0,0,0
640,Safford area,1,1,0,0,0,0,,0,0,0,0,0
641,Rio Rico area,1,1,0,0,0,0,,0,0,0,0,0
642,Concho area,1,1,0,0,0,0,,0,0,0,0,0
643,Pinetop area,1,1,0,0,0,0,,0,0,0,0,0
644,Prescott area,1,1,0,0,0,0,,1,0,0,0,0
645,Artesia area,1,1,0,0,0,0,,0,0,0,0,0
646,Capitan area,1,1,0,0,0,0,,0,0,0,0,0
647,Fernley area,1,1,0,0,0,0,,1,0,0,0,0
648,Elko area,1,1,0,0,0,0,,0,0,0,0,0
649,San Pedro area,1,1,0,0,0,0,,3,1,0,0,0
650,Coachella area,1,1,0,0,0,0,,0,0,0,0,0
651,Coalinga area,1,1,0,0,0,0,,1,0,0,0,0
652,Springville area,1,1,0,0,0,0,,0,0,0,0,0
653,Bishop area,1,1,0,0,0,0,,0,0,0,0,0
654,Los Banos area,1,1,0,0,0,0,,0,0,0,0,0
655,Willow Creek area,1,1,0,0,0,0,,1,0,0,0,0
656,Montgomery Creek area,1,1,0,0,0,0,,0,0,0,0,0
657,Welches area,1,1,0,0,0,0,,0,0,0,0,0
658,Manzanita area,1,1,0,0,0,0,,1,0,0,0,0
659,Oakridge area,1,1,0,0,0,0,,0,0,0,0,0
660,Walterville area,1,1,0,0,0,0,,0,0,0,0,0
661,Burns area,1,1,0,0,0,0,,0,0,0,0,0
662,Hermiston area,1,1,0,0,0,0,,0,0,0,0,0
663,Ashford area,1,1,0,0,0,0,,0,0,0,0,0
664,Mossyrock area,1,1,0,0,0,0,,0,0,0,0,0
665,Yakima area,1,1,0,0,0,0,,0,0,0,0,0
666,Cle Elum area,1,1,0,0,0,0,,0,0,0,0,0
667,Edwall area,1,1,0,0,0,0,,0,0,0,0,0
668,Jber area,1,1,0,0,0,0,,0,0,0,0,0
669,Anchor Point area,1,1,0,0,0,0,,0,0,0,0,0
670,Homer area,1,1,0,0,0,0,,0,0,0,0,0
671,Juneau,1,1,0,0,0,0,,0,0,0,0,0
672,Cedar Springs area,1,0,1,0,0,0,0.0,0,0,0,1,1
673,Buckland area,1,0,1,0,1,0,100.0,0,0,0,1,1
674,Millers Creek area,1,0,0,0,0,0,,1,0,0,0,0
675,Vidalia area,1,0,0,0,0,0,,1,1,0,0,0
676,Burkesville area,1,0,0,0,0,0,,1,0,0,0,0
677,Sioux Center area,1,0,0,0,0,0,,1,0,0,0,0
678,Spirit Lake area,1,0,0,0,0,0,,1,1,0,0,0
679,Ottertail area,1,0,0,0,0,0,,1,0,0,0,0
680,Madison area,1,0,0,0,0,0,,1,1,0,0,0
681,Carlinville area,1,0,0,0,0,0,,1,1,0,0,0
682,Prattsville area,1,0,0,0,0,0,,1,1,0,0,0
683,Port Lavaca area,1,0,0,0,0,0,,1,0,0,0,0
684,Camp Verde area,1,0,0,0,0,0,,1,0,0,0,0
